lat,lon,pixel_count,mean_tb,min_tb,median_tb,std_tb,max_radius,min_radius,mean_radius,max_cloud_top_height,mean_cloud_top_height,target
0,0,1616,180.08904,180.08902,180.08902,1.5258789e-05,1615.0,0.0,807.5,6.991098022460938,6.991096496582031,1
1,47,99,225.91489,217.98715,226.74287,3.0468087,13.45362404707371,0.0,5.6144272111721225,3.201284790039063,2.4085113525390627,1
13,38,5,228.32454,227.14478,229.11105,0.96327555,1.4142135623730951,0.0,0.9656854249492379,2.2855224609375,2.167546081542969,1
18,1089,9,225.11987,221.22238,224.68715,2.866469,4.0,0.0,1.9791732444490293,2.8777618408203125,2.4880126953125004,1
18,1099,15,226.3532,219.86101,227.54373,2.682077,4.123105625617661,0.0,1.8628158356852282,3.0138992309570316,2.3646804809570314,1
18,1153,5,226.96567,225.10466,226.74287,1.4238778,2.0,0.0,1.082842712474619,2.4895339965820313,2.3034332275390628,1
31,1535,3,228.72063,227.93977,229.11105,0.5521467,1.0,0.0,0.6666666666666666,2.2060226440429687,2.1279373168945312,0
35,1540,6,226.43231,222.98343,226.74136,2.103829,2.23606797749979,0.0,1.2750469233121475,2.7016571044921878,2.356768798828125,1
38,18,2,227.73888,227.14478,227.73888,0.59410095,1.0,0.0,0.5,2.2855224609375,2.2261123657226562,0
39,1543,3,228.97823,228.33298,228.72339,0.656117,1.0,0.0,0.6666666666666666,2.1667022705078125,2.102177429199219,0
55,1096,1,220.31883,220.31883,220.31883,0.0,0.0,0.0,0.0,2.9681167602539062,2.9681167602539062,0
56,1503,4,228.91177,227.93977,228.91449,0.7992738,2.0,0.0,1.0,2.2060226440429687,2.1088226318359378,0
59,1502,9,227.27324,222.98343,228.33298,2.321387,2.23606797749979,0.0,1.229388344693998,2.7016571044921878,2.2726760864257813,1
60,1090,6,225.8455,223.84216,225.72446,1.3183634,1.4142135623730951,0.0,0.9714045207910317,2.61578369140625,2.4154495239257816,1
115,1186,64,226.86441,218.93277,227.93977,2.582252,9.848857801796104,0.0,4.349823471472478,3.1067230224609377,2.3135589599609374,1
123,761,1,229.11105,229.11105,229.11105,0.0,0.0,0.0,0.0,2.0888946533203128,2.0888946533203128,0
128,752,7,225.12563,221.22238,225.93001,2.0297508,3.1622776601683795,0.0,1.4017941714344662,2.8777618408203125,2.487437438964844,1
131,750,1,229.49602,229.49602,229.49602,0.0,0.0,0.0,0.0,2.050398254394531,2.050398254394531,0
132,1318,2,228.52818,228.33298,228.52818,0.19520569,1.0,0.0,0.5,2.1667022705078125,2.1471817016601564,0
134,778,2,229.30353,229.11105,229.30353,0.192482,1.0,0.0,0.5,2.0888946533203128,2.069647216796875,0
136,763,2,226.93489,225.93001,226.93489,1.0048828,1.0,0.0,0.5,2.406999206542969,2.3065109252929688,0
136,766,1,229.87833,229.87833,229.87833,0.0,0.0,0.0,0.0,2.0121673583984374,2.0121673583984374,0
156,1429,542,220.48415,207.9454,219.86101,5.1739645,46.010868281309364,0.0,21.386000872648335,4.2054595947265625,2.951585388183594,1
158,949,6,228.18391,225.93001,228.52818,1.4178969,2.23606797749979,0.0,1.2750469233121475,2.406999206542969,2.1816085815429687,1
160,655,1,225.10466,225.10466,225.10466,0.0,0.0,0.0,0.0,2.4895339965820313,2.4895339965820313,0
167,745,398,222.13838,212.96646,221.66829,3.5933902,25.298221281347036,0.0,10.242237196194,3.7033538818359375,2.786161804199219,1
163,958,2,229.30086,228.72339,229.30086,0.5774689,1.0,0.0,0.5,2.1276611328125,2.0699142456054687,0
163,1609,1,225.51892,225.51892,225.51892,0.0,0.0,0.0,0.0,2.44810791015625,2.44810791015625,0
167,1428,5,229.2629,228.33298,229.49602,0.52445227,3.0,0.0,1.4,2.1667022705078125,2.073710632324219,1
166,957,3,226.59576,225.10466,226.74287,1.162095,1.0,0.0,0.6666666666666666,2.4895339965820313,2.340423583984375,0
166,964,8,227.12337,225.10466,227.13887,1.5255694,2.23606797749979,0.0,1.2580618877807475,2.4895339965820313,2.287663269042969,1
166,972,2,229.10971,228.72339,229.10971,0.3863144,1.0,0.0,0.5,2.1276611328125,2.0890289306640626,0
167,811,9,226.70389,222.54872,227.14478,2.0598917,2.23606797749979,0.0,1.229388344693998,2.745127868652344,2.3296112060546874,1
167,824,5,228.32346,226.74287,228.33298,1.0220674,2.0,0.0,1.082842712474619,2.3257125854492187,2.1676544189453124,1
215,927,2251,221.16837,210.2443,221.22238,5.1281333,68.60029154456998,0.0,24.543637596093085,3.9755706787109375,2.8831634521484375,1
166,979,1,227.14478,227.14478,227.14478,0.0,0.0,0.0,0.0,2.2855224609375,2.2855224609375,0
171,805,55,225.37558,218.46219,225.51892,2.9904168,7.211102550927978,0.0,3.393006841666858,3.1537811279296877,2.4624420166015626,1
171,794,8,226.31047,219.86101,227.93408,3.7535613,2.0,0.0,1.1035533905932737,3.0138992309570316,2.3689529418945314,1
171,817,13,228.34328,225.93001,229.49602,1.4786656,4.123105625617661,0.0,2.0269137221563094,2.406999206542969,2.1656723022460938,1
171,1436,6,227.05762,225.10466,226.94382,1.4877098,1.4142135623730951,0.0,0.9714045207910317,2.4895339965820313,2.29423828125,1
172,677,5,228.24873,227.14478,228.33298,0.801254,1.4142135623730951,0.0,0.882842712474619,2.2855224609375,2.175126647949219,1
174,991,7,222.76126,212.43446,224.26634,6.050825,2.0,0.0,1.1183467321065985,3.7565536499023438,2.7238739013671878,1
174,974,6,228.72156,228.33298,228.52818,0.44804806,1.4142135623730951,0.0,0.9714045207910317,2.1667022705078125,2.12784423828125,1
174,1439,2,226.23972,222.98343,226.23972,3.2562943,1.0,0.0,0.5,2.7016571044921878,2.3760284423828124,0
175,1593,4,226.61761,223.84216,227.34425,1.6268703,1.4142135623730951,0.0,0.8535533905932737,2.61578369140625,2.3382385253906253,0
178,807,6,227.5227,225.10466,228.13356,1.5160365,1.4142135623730951,0.0,0.9714045207910317,2.4895339965820313,2.2477294921875,1
188,1102,132,227.26877,222.54872,227.14478,1.9124179,12.041594578792296,0.0,5.083844059267491,2.745127868652344,2.2731231689453124,1
182,810,3,227.92732,226.33797,228.33298,1.1678793,1.0,0.0,0.6666666666666666,2.3662033081054688,2.2072677612304688,0
219,975,4662,218.92905,204.26091,218.46219,5.7997656,112.37882362794157,0.0,39.57371944432131,4.573908996582031,3.1070953369140626,1
186,780,6,225.13008,221.66829,225.50461,2.1663678,1.4142135623730951,0.0,0.9714045207910317,2.833171081542969,2.4869918823242188,1
186,1617,6,225.40552,219.86101,226.53738,3.495492,2.0,0.0,1.0690355937288492,3.0138992309570316,2.4594482421875004,1
186,801,6,227.03459,223.84216,227.93977,2.1757822,2.0,0.0,1.0690355937288492,2.61578369140625,2.2965408325195313,1
191,844,4,228.02888,226.74287,227.93835,1.0166302,1.4142135623730951,0.0,0.8535533905932737,2.3257125854492187,2.1971115112304687,0
191,847,3,228.97823,228.33298,228.72339,0.656117,1.0,0.0,0.6666666666666666,2.1667022705078125,2.102177429199219,0
193,1614,6,224.8288,219.39902,224.45673,3.8221996,2.23606797749979,0.0,1.1083802566454808,3.0600982666015626,2.517120361328125,1
194,811,2,228.33298,228.33298,228.33298,0.0,1.0,0.0,0.5,2.1667022705078125,2.1667022705078125,0
198,959,3,225.90132,224.26634,225.10466,1.7531664,1.0,0.0,0.6666666666666666,2.5733657836914063,2.409867858886719,0
203,13,16,228.71365,226.74287,228.91722,1.0366693,5.0,0.0,2.6090631939192255,2.3257125854492187,2.1286346435546877,1
203,1058,2,228.52542,227.93977,228.52542,0.58563995,1.0,0.0,0.5,2.2060226440429687,2.1474578857421878,0
203,21,1,229.87833,229.87833,229.87833,0.0,0.0,0.0,0.0,2.0121673583984374,2.0121673583984374,0
206,1109,1,229.49602,229.49602,229.49602,0.0,0.0,0.0,0.0,2.050398254394531,2.050398254394531,0
206,1116,3,226.1928,225.10466,225.93001,1.0129371,1.0,0.0,0.6666666666666666,2.4895339965820313,2.380720520019531,0
215,1044,35,226.67047,221.22238,227.14478,2.316036,5.830951894845301,0.0,2.9637517420242947,2.8777618408203125,2.332952880859375,1
213,18,2,229.30086,228.72339,229.30086,0.5774689,1.0,0.0,0.5,2.1276611328125,2.0699142456054687,0
215,1608,9,226.96793,223.41455,226.33797,2.1661308,2.23606797749979,0.0,1.2556181199717522,2.6585449218750004,2.3032073974609375,1
231,723,1,229.87833,229.87833,229.87833,0.0,0.0,0.0,0.0,2.0121673583984374,2.0121673583984374,0
237,1300,1,228.33298,228.33298,228.33298,0.0,0.0,0.0,0.0,2.1667022705078125,2.1667022705078125,0
239,1412,1,229.87833,229.87833,229.87833,0.0,0.0,0.0,0.0,2.0121673583984374,2.0121673583984374,0
243,1419,1,229.49602,229.49602,229.49602,0.0,0.0,0.0,0.0,2.050398254394531,2.050398254394531,0
254,964,39,227.7028,223.84216,227.93977,1.6247511,7.0710678118654755,0.0,3.2680069390432354,2.61578369140625,2.229719543457031,1
261,1047,1,229.87833,229.87833,229.87833,0.0,0.0,0.0,0.0,2.0121673583984374,2.0121673583984374,0
263,972,9,228.49152,226.33797,229.11105,1.3007803,2.23606797749979,0.0,1.2754120738465637,2.3662033081054688,2.150848388671875,1
264,1050,1,229.87833,229.87833,229.87833,0.0,0.0,0.0,0.0,2.0121673583984374,2.0121673583984374,0
273,1027,1,229.11105,229.11105,229.11105,0.0,0.0,0.0,0.0,2.0888946533203128,2.0888946533203128,0
283,1615,11,226.43018,220.7726,226.33797,2.4557133,5.0,0.0,2.120627329745668,2.922740173339844,2.356982421875,1
285,832,1,228.33298,228.33298,228.33298,0.0,0.0,0.0,0.0,2.1667022705078125,2.1667022705078125,0
285,838,5,227.36284,225.93001,226.74287,1.5335717,3.0,0.0,1.4,2.406999206542969,2.263716125488281,1
292,853,2,229.10971,228.72339,229.10971,0.3863144,1.0,0.0,0.5,2.1276611328125,2.0890289306640626,0
305,868,13,228.22581,226.33797,227.93977,1.3536798,6.0,0.0,2.5240430153877895,2.3662033081054688,2.1774185180664065,1
303,873,7,229.38411,228.33298,229.49602,0.4936033,3.0,0.0,1.5214687914104121,2.1667022705078125,2.061589050292969,1
344,1415,1,228.33298,228.33298,228.33298,0.0,0.0,0.0,0.0,2.1667022705078125,2.1667022705078125,0
345,1380,8,229.15544,227.93977,229.30353,0.6553001,3.1622776601683795,0.0,1.726569900005158,2.2060226440429687,2.084455871582031,1
348,1354,4,229.49536,229.11105,229.49602,0.27127278,1.4142135623730951,0.0,0.8535533905932737,2.0888946533203128,2.0504638671875,0
348,1395,2,229.10971,228.72339,229.10971,0.3863144,1.0,0.0,0.5,2.1276611328125,2.0890289306640626,0
352,1227,1,229.87833,229.87833,229.87833,0.0,0.0,0.0,0.0,2.0121673583984374,2.0121673583984374,0
355,1224,11,227.78589,225.93001,227.54373,1.0551542,4.123105625617661,0.0,2.085060438696266,2.406999206542969,2.2214111328125,1
355,1342,2,229.10565,228.33298,229.10565,0.77267456,1.0,0.0,0.5,2.1667022705078125,2.089434814453125,0
358,1458,1,228.72339,228.72339,228.72339,0.0,0.0,0.0,0.0,2.1276611328125,2.1276611328125,0
359,1448,4,228.32178,226.74287,228.33298,1.1086062,2.0,0.0,1.0,2.3257125854492187,2.167822265625,0
361,1391,6,228.77875,227.14478,229.49602,1.0208684,2.23606797749979,0.0,1.2750469233121475,2.2855224609375,2.122125244140625,1
361,1467,6,228.77788,227.14478,229.11105,1.0672493,2.0,0.0,1.0690355937288492,2.2855224609375,2.1222122192382815,1
366,1308,3,229.49513,229.11105,229.49602,0.3132385,1.0,0.0,0.6666666666666666,2.0888946533203128,2.050486755371094,0
375,1316,126,228.3984,225.10466,228.33298,1.1607403,18.110770276274835,0.0,6.444742015983369,2.4895339965820313,2.1601593017578127,1
370,1379,21,228.55046,227.54373,228.33298,0.8112836,6.082762530298219,0.0,2.420582071984228,2.2456268310546874,2.1449539184570314,1
369,1357,1,226.74287,226.74287,226.74287,0.0,0.0,0.0,0.0,2.3257125854492187,2.3257125854492187,0
371,1370,11,228.36086,226.74287,228.33298,0.9211824,3.1622776601683795,0.0,1.656979342037669,2.3257125854492187,2.163914489746094,1
372,1305,2,229.87833,229.87833,229.87833,0.0,1.0,0.0,0.5,2.0121673583984374,2.0121673583984374,0
373,1426,5,229.02971,227.93977,229.11105,0.6672336,1.4142135623730951,0.0,0.882842712474619,2.2060226440429687,2.097029113769531,1
377,1339,24,227.31807,221.66829,227.93977,2.1774015,4.47213595499958,0.0,2.1442779240915546,2.833171081542969,2.268193054199219,1
374,1345,1,229.11105,229.11105,229.11105,0.0,0.0,0.0,0.0,2.0888946533203128,2.0888946533203128,0
375,1362,1,229.87833,229.87833,229.87833,0.0,0.0,0.0,0.0,2.0121673583984374,2.0121673583984374,0
375,1428,1,229.49602,229.49602,229.49602,0.0,0.0,0.0,0.0,2.050398254394531,2.050398254394531,0
378,1304,2,229.49602,229.49602,229.49602,0.0,1.0,0.0,0.5,2.050398254394531,2.050398254394531,0
378,1358,3,228.71515,227.54373,228.72339,0.9531121,1.0,0.0,0.6666666666666666,2.2456268310546874,2.128485107421875,0
400,1337,159,227.30719,221.66829,227.93977,1.9901807,26.40075756488817,0.0,10.718623289064105,2.833171081542969,2.269281005859375,1
380,1552,1,225.10466,225.10466,225.10466,0.0,0.0,0.0,0.0,2.4895339965820313,2.4895339965820313,0
384,1380,7,229.16295,227.93977,229.49602,0.6019769,3.1622776601683795,0.0,1.4017941714344662,2.2060226440429687,2.0837051391601564,1
383,1550,1,227.54373,227.54373,227.54373,0.0,0.0,0.0,0.0,2.2456268310546874,2.2456268310546874,0
389,1542,30,226.72636,222.11037,227.14478,2.1731021,8.602325267042627,0.0,4.0841547221648975,2.7889633178710938,2.3273635864257813,1
388,1314,11,229.07187,227.93977,228.72339,0.6685388,3.1622776601683795,0.0,1.7322908988327774,2.2060226440429687,2.0928131103515626,1
387,1373,9,229.1942,228.33298,229.11105,0.53979367,2.23606797749979,0.0,1.340499455805109,2.1667022705078125,2.080580139160156,1
388,1360,419,227.4994,222.98343,227.54373,1.5344921,37.53664875824692,0.0,17.163606526719448,2.7016571044921878,2.2500595092773437,1
390,1369,1,229.87833,229.87833,229.87833,0.0,0.0,0.0,0.0,2.0121673583984374,2.0121673583984374,0
390,1528,17,227.34631,224.26634,227.54373,1.9104011,5.0,0.0,2.3924247520809523,2.5733657836914063,2.26536865234375,1
394,1453,1,229.87833,229.87833,229.87833,0.0,0.0,0.0,0.0,2.0121673583984374,2.0121673583984374,0
399,1443,5,228.55374,226.33797,228.72339,1.23528,1.4142135623730951,0.0,0.882842712474619,2.3662033081054688,2.1446258544921877,1
408,1616,4,225.26672,222.11037,225.3118,2.2053554,1.4142135623730951,0.0,0.8535533905932737,2.7889633178710938,2.47332763671875,0
409,769,4,229.49402,228.72339,229.68716,0.47150278,1.4142135623730951,0.0,0.8535533905932737,2.1276611328125,2.05059814453125,0
409,773,2,228.91722,228.72339,228.91722,0.1938324,1.0,0.0,0.5,2.1276611328125,2.1082778930664063,0
411,1613,4,227.0922,223.41455,227.53793,2.3952641,1.0,0.0,0.75,2.6585449218750004,2.2907806396484376,0
412,767,5,227.50569,223.84216,227.93977,2.042171,1.0,0.0,0.8,2.61578369140625,2.249430847167969,1
414,1615,2,229.49469,229.11105,229.49469,0.38363647,1.0,0.0,0.5,2.0888946533203128,2.050531005859375,0
416,1324,2,228.90906,227.93977,228.90906,0.9692764,1.0,0.0,0.5,2.2060226440429687,2.10909423828125,0
418,1322,3,229.23938,229.11105,229.11105,0.18147376,2.0,0.0,1.0,2.0888946533203128,2.0760620117187503,0
418,1598,2,228.72202,228.33298,228.72202,0.3890381,1.0,0.0,0.5,2.1667022705078125,2.1277984619140624,0
421,1319,3,229.62256,229.11105,229.87833,0.36169595,1.0,0.0,0.6666666666666666,2.0888946533203128,2.037744140625,0
424,1317,4,229.29468,227.54373,229.87833,1.0109092,1.4142135623730951,0.0,0.8535533905932737,2.2456268310546874,2.0705322265625,0
425,1577,7,227.16829,223.41455,227.54373,1.917352,1.4142135623730951,0.0,0.9754895892494557,2.6585449218750004,2.2831710815429687,1
427,1508,1,229.11105,229.11105,229.11105,0.0,0.0,0.0,0.0,2.0888946533203128,2.0888946533203128,0
429,1524,2,228.52542,227.93977,228.52542,0.58563995,1.0,0.0,0.5,2.2060226440429687,2.1474578857421878,0
436,1548,147,226.86435,213.49258,227.14478,2.6711137,15.811388300841896,0.0,7.907208654442413,3.6507415771484375,2.3135650634765628,1
432,1568,1,229.11105,229.11105,229.11105,0.0,0.0,0.0,0.0,2.0888946533203128,2.0888946533203128,0
434,1569,2,229.87833,229.87833,229.87833,0.0,1.0,0.0,0.5,2.0121673583984374,2.0121673583984374,0
437,1567,12,227.49297,222.98343,228.72339,2.359432,4.0,0.0,1.7688977302011966,2.7016571044921878,2.2507034301757813,1
443,1321,90,227.4412,222.98343,227.54373,1.584885,14.560219778561036,0.0,6.814117432241175,2.7016571044921878,2.2558807373046874,1
444,1531,23,227.50009,224.68715,227.54373,1.6960986,7.615773105863909,0.0,3.51280873625171,2.531285095214844,2.2499908447265624,1
444,1547,1,229.11105,229.11105,229.11105,0.0,0.0,0.0,0.0,2.0888946533203128,2.0888946533203128,0
451,1510,4,227.63414,226.74287,227.34132,0.98277605,1.4142135623730951,0.0,0.8535533905932737,2.3257125854492187,2.236585998535156,0
454,1196,4,228.90836,227.54373,229.10565,1.0093247,1.4142135623730951,0.0,0.8535533905932737,2.2456268310546874,2.1091644287109377,0
454,1527,1,229.87833,229.87833,229.87833,0.0,0.0,0.0,0.0,2.0121673583984374,2.0121673583984374,0
458,1320,1,229.49602,229.49602,229.49602,0.0,0.0,0.0,0.0,2.050398254394531,2.050398254394531,0
465,1202,25,228.6999,226.74287,228.72339,0.93417877,5.830951894845301,0.0,3.5991497320715986,2.3257125854492187,2.130009460449219,1
463,1531,2,228.33298,228.33298,228.33298,0.0,1.0,0.0,0.5,2.1667022705078125,2.1667022705078125,0
465,1208,1,229.87833,229.87833,229.87833,0.0,0.0,0.0,0.0,2.0121673583984374,2.0121673583984374,0
466,1520,10,228.52097,226.74287,228.52818,0.9124315,4.0,0.0,1.8812559200041268,2.3257125854492187,2.1479034423828125,1
468,1506,1,229.11105,229.11105,229.11105,0.0,0.0,0.0,0.0,2.0888946533203128,2.0888946533203128,0
500,1617,1,229.87833,229.87833,229.87833,0.0,0.0,0.0,0.0,2.0121673583984374,2.0121673583984374,0
506,1615,76,224.73985,216.53424,224.68715,3.5518517,10.0,0.0,4.978991397630837,3.346575927734375,2.5260147094726566,1
520,1607,11,228.92809,226.74287,229.11105,0.8875724,4.123105625617661,0.0,2.085060438696266,2.3257125854492187,2.107191467285156,1
528,1599,24,227.50847,222.11037,227.93835,1.9687757,6.082762530298219,0.0,3.0634181136339937,2.7889633178710938,2.2491531372070312,1
597,1110,27305,196.31813,180.08902,193.34862,15.675972,208.72230355187247,0.0,103.99139752065905,6.991098022460938,5.368186950683594,1
557,1180,2,229.87833,229.87833,229.87833,0.0,1.0,0.0,0.5,2.0121673583984374,2.0121673583984374,0
566,1197,2,228.33157,227.93977,228.33157,0.39180756,1.0,0.0,0.5,2.2060226440429687,2.1668426513671877,0
574,1068,319,213.93858,194.98502,213.49258,8.553213,20.248456731316587,0.0,9.967531293879548,5.501498413085938,3.6061416625976563,1
574,1243,3,228.97823,228.33298,228.72339,0.656117,1.0,0.0,0.6666666666666666,2.1667022705078125,2.102177429199219,0
577,1246,2,229.49602,229.49602,229.49602,0.0,1.0,0.0,0.5,2.050398254394531,2.050398254394531,0
582,1109,1,229.49602,229.49602,229.49602,0.0,0.0,0.0,0.0,2.050398254394531,2.050398254394531,0
583,1108,1,229.87833,229.87833,229.87833,0.0,0.0,0.0,0.0,2.0121673583984374,2.0121673583984374,0
606,1315,43,227.61774,222.11037,227.93977,1.7396255,7.211102550927978,0.0,3.895943015898791,2.7889633178710938,2.238226318359375,1
609,1307,57,225.1045,216.53424,225.10466,3.0668945,8.06225774829855,0.0,4.239492425236626,3.346575927734375,2.489549255371094,1
606,1321,1,229.87833,229.87833,229.87833,0.0,0.0,0.0,0.0,2.0121673583984374,2.0121673583984374,0
620,1531,846,216.3289,197.31895,216.0403,7.7489753,36.345563690772494,0.0,16.623682508055182,5.268104553222656,3.3671096801757816,1
613,1566,2,228.3274,227.54373,228.3274,0.7836609,1.0,0.0,0.5,2.2456268310546874,2.1672607421875,0
634,1305,10,226.18015,222.54872,226.13399,1.9637765,3.0,0.0,1.6478708664619077,2.745127868652344,2.3819854736328128,1
640,1552,7,228.32497,226.74287,228.33298,0.93833005,1.4142135623730951,0.0,0.9754895892494557,2.3257125854492187,2.1675033569335938,1
642,1555,4,222.27095,211.35217,224.8959,6.4269586,1.0,0.0,0.75,3.8647827148437504,2.772904968261719,0
658,921,93,223.6351,212.96646,224.68715,4.0884047,11.180339887498949,0.0,5.468815646420639,3.7033538818359375,2.6364898681640625,1
649,912,1,226.33797,226.33797,226.33797,0.0,0.0,0.0,0.0,2.3662033081054688,2.3662033081054688,0
653,907,5,227.28455,225.51892,227.14478,1.4806455,1.4142135623730951,0.0,0.882842712474619,2.44810791015625,2.27154541015625,1
660,1561,241,216.31023,200.23521,216.53424,7.4682565,20.396078054371138,0.0,9.276170671405334,4.976478576660156,3.3689773559570315,1
662,1323,36,222.27707,209.68028,223.41455,4.5815997,10.44030650891055,0.0,4.392481122992195,4.031971740722656,2.7722930908203125,1
676,1580,105,225.8234,213.49258,226.74287,3.7709982,16.1245154965971,0.0,8.647413104098167,3.6507415771484375,2.4176605224609378,1
666,1404,150,221.39671,211.35217,221.66829,4.3492904,12.041594578792296,0.0,5.551964048468447,3.8647827148437504,2.8603286743164062,1
664,1581,2,226.91403,225.10466,226.91403,1.8093643,1.0,0.0,0.5,2.4895339965820313,2.3085968017578127,0
670,951,15,224.79546,217.98715,224.26634,3.499195,4.123105625617661,0.0,1.9503995162161185,3.201284790039063,2.5204544067382812,1
672,918,8,222.54071,217.50755,222.54872,3.4855056,2.23606797749979,0.0,1.2580618877807475,3.2492446899414062,2.745928955078125,1
674,935,2,225.49347,223.84216,225.49347,1.6513062,1.0,0.0,0.5,2.61578369140625,2.450653076171875,0
675,1014,4,227.5959,223.84216,228.33157,2.274285,2.23606797749979,0.0,1.1625703849682212,2.61578369140625,2.2404098510742188,0
677,1003,1,226.74287,226.74287,226.74287,0.0,0.0,0.0,0.0,2.3257125854492187,2.3257125854492187,0
679,1012,6,227.65846,225.51892,227.73888,1.3854933,2.23606797749979,0.0,1.2750469233121475,2.44810791015625,2.2341537475585938,1
679,1001,2,224.05426,223.84216,224.05426,0.21208954,1.0,0.0,0.5,2.61578369140625,2.594573974609375,0
686,1597,86,223.4898,217.50755,223.19899,3.3862553,8.06225774829855,0.0,3.9168174951081753,3.2492446899414062,2.651019287109375,1
682,936,2,223.82669,222.54872,223.82669,1.2779694,1.0,0.0,0.5,2.745127868652344,2.617330932617188,0
690,1023,2,228.72202,228.33298,228.72202,0.3890381,1.0,0.0,0.5,2.1667022705078125,2.1277984619140624,0
691,980,2,228.52542,227.93977,228.52542,0.58563995,1.0,0.0,0.5,2.2060226440429687,2.1474578857421878,0
696,1022,12,223.54018,218.46219,222.97626,3.613656,3.1622776601683795,0.0,1.6415757264511617,3.1537811279296877,2.645982360839844,1
696,1588,50,216.75089,201.61989,217.02328,8.115365,7.280109889280518,0.0,3.530347798545498,4.838011169433594,3.324911499023438,1
693,1597,2,229.10565,228.33298,229.10565,0.77267456,1.0,0.0,0.5,2.1667022705078125,2.089434814453125,0
696,1593,5,223.93204,215.0372,225.51892,5.1726336,1.4142135623730951,0.0,0.882842712474619,3.4962799072265627,2.6067962646484375,1
701,1597,68,208.9328,188.9219,206.75081,10.432233,8.06225774829855,0.0,4.089870495304885,6.107809448242188,4.106719970703125,1
706,1374,1,226.33797,226.33797,226.33797,0.0,0.0,0.0,0.0,2.3662033081054688,2.3662033081054688,0
710,1382,19,225.41177,220.7726,225.51892,2.6108491,5.0990195135927845,0.0,2.3116333608749677,2.922740173339844,2.458822631835938,1
712,1617,6,226.00519,222.98343,225.70557,2.5644193,3.0,0.0,1.3333333333333333,2.7016571044921878,2.399481201171875,1
712,1613,1,229.11105,229.11105,229.11105,0.0,0.0,0.0,0.0,2.0888946533203128,2.0888946533203128,0
714,1613,3,228.32458,227.14478,228.33298,0.9599089,1.0,0.0,0.6666666666666666,2.2855224609375,2.16754150390625,0
736,1594,7287,220.71631,198.06773,221.66829,6.3446293,137.6117727521886,0.0,70.49423189583622,5.193226623535157,2.928369140625,1
738,1089,176,213.96152,182.78459,217.26541,12.82597,15.297058540778355,0.0,7.181056098434712,6.721540832519532,3.6038482666015628,1
746,1382,49,227.39224,223.41455,227.54373,1.8002505,11.313708498984761,0.0,4.411742459313514,2.6585449218750004,2.2607757568359377,1
741,1367,2,228.12791,227.14478,228.12791,0.98313904,1.0,0.0,0.5,2.2855224609375,2.187208557128906,0
741,1397,1,229.11105,229.11105,229.11105,0.0,0.0,0.0,0.0,2.0888946533203128,2.0888946533203128,0
741,1410,27,226.2193,219.39902,227.14478,2.8277595,7.810249675906654,0.0,3.7127925543768723,3.0600982666015626,2.378070068359375,1
743,1423,1,229.49602,229.49602,229.49602,0.0,0.0,0.0,0.0,2.050398254394531,2.050398254394531,0
746,1173,4,228.02527,226.33797,228.13356,1.1968019,1.4142135623730951,0.0,0.8535533905932737,2.3662033081054688,2.19747314453125,0
745,1423,3,228.06706,227.14478,228.33298,0.67133904,1.0,0.0,0.6666666666666666,2.2855224609375,2.1932937622070314,0
747,1579,1,229.87833,229.87833,229.87833,0.0,0.0,0.0,0.0,2.0121673583984374,2.0121673583984374,0
748,1394,2,225.72131,225.10466,225.72131,0.61665344,1.0,0.0,0.5,2.4895339965820313,2.4278686523437503,0
767,951,2,227.93835,227.54373,227.93835,0.3946228,1.0,0.0,0.5,2.2456268310546874,2.20616455078125,0
769,1617,6,228.3806,225.93001,228.91722,1.3946965,2.0,0.0,1.0690355937288492,2.406999206542969,2.161940002441406,1
770,1516,3,228.585,227.54373,228.33298,0.9696131,2.0,0.0,1.0,2.2456268310546874,2.1414993286132815,0
773,1054,9,227.5909,224.26634,228.72339,2.1220732,2.23606797749979,0.0,1.2293883446939977,2.5733657836914063,2.240910339355469,1
779,1589,57,227.6327,222.54872,227.93977,1.7955469,10.295630140987,0.0,5.075639588492807,2.745127868652344,2.236729431152344,1
785,1514,181,226.54562,219.86101,227.54373,2.6734812,16.278820596099706,0.0,6.079055000051116,3.0138992309570316,2.3454376220703126,1
774,1528,8,228.51591,226.33797,228.91722,1.1795138,3.0,0.0,1.4562851924841107,2.3662033081054688,2.1484085083007813,1
773,1543,2,229.87833,229.87833,229.87833,0.0,1.0,0.0,0.5,2.0121673583984374,2.0121673583984374,0
776,1540,1,229.49602,229.49602,229.49602,0.0,0.0,0.0,0.0,2.050398254394531,2.050398254394531,0
778,1541,2,229.49469,229.11105,229.49469,0.38363647,1.0,0.0,0.5,2.0888946533203128,2.050531005859375,0
781,1581,4,229.6865,229.11105,229.87833,0.33223894,1.4142135623730951,0.0,0.8535533905932737,2.0888946533203128,2.0313507080078126,0
781,1504,2,229.30353,229.11105,229.30353,0.192482,1.0,0.0,0.5,2.0888946533203128,2.069647216796875,0
781,1583,1,229.87833,229.87833,229.87833,0.0,0.0,0.0,0.0,2.0121673583984374,2.0121673583984374,0
785,1591,5,229.4928,228.33298,229.87833,0.5985133,2.23606797749979,0.0,1.130056307974577,2.1667022705078125,2.05072021484375,1
783,1595,2,229.49602,229.49602,229.49602,0.0,1.0,0.0,0.5,2.050398254394531,2.050398254394531,0
788,1537,6,229.17296,228.33298,229.30353,0.51926094,2.23606797749979,0.0,1.2750469233121475,2.1667022705078125,2.0827041625976563,1
804,1538,1,229.87833,229.87833,229.87833,0.0,0.0,0.0,0.0,2.0121673583984374,2.0121673583984374,0
820,706,1,229.87833,229.87833,229.87833,0.0,0.0,0.0,0.0,2.0121673583984374,2.0121673583984374,0
820,714,2,228.12791,227.14478,228.12791,0.98313904,1.0,0.0,0.5,2.2855224609375,2.187208557128906,0
822,702,6,229.04053,227.93977,229.30353,0.820526,4.0,0.0,1.8333333333333333,2.2060226440429687,2.095947265625,1
822,719,2,227.52054,225.93001,227.52054,1.5905228,1.0,0.0,0.5,2.406999206542969,2.2479461669921874,0
832,1266,4,228.91452,228.33298,228.72339,0.5788301,1.4142135623730951,0.0,0.8535533905932737,2.1667022705078125,2.1085479736328128,0
840,1612,1,228.72339,228.72339,228.72339,0.0,0.0,0.0,0.0,2.1276611328125,2.1276611328125,0
860,1616,646,218.7147,186.99161,220.31883,8.901288,35.84689665786984,0.0,16.409617396678737,6.300839233398438,3.1285293579101565,1
876,1261,5055,208.52312,180.08902,207.9454,11.708121,71.19691004531025,0.0,32.08354641605718,6.991098022460938,4.147688293457032,1
848,672,3,228.0699,227.54373,228.33298,0.37205395,1.0,0.0,0.6666666666666666,2.2456268310546874,2.193009948730469,0
853,636,41,226.06361,220.31883,226.33797,2.225231,8.06225774829855,0.0,3.9999455615993904,2.9681167602539062,2.3936386108398438,1
857,658,67,221.47977,204.26091,221.66829,5.379966,16.76305461424021,0.0,7.260166566505766,4.573908996582031,2.8520233154296877,1
852,1436,1,229.49602,229.49602,229.49602,0.0,0.0,0.0,0.0,2.050398254394531,2.050398254394531,0
853,1435,1,229.87833,229.87833,229.87833,0.0,0.0,0.0,0.0,2.0121673583984374,2.0121673583984374,0
855,1567,15,227.63536,225.93001,227.14478,1.2470007,3.1622776601683795,0.0,1.674208151985802,2.406999206542969,2.236463928222656,1
855,1587,7,229.27295,228.33298,229.49602,0.6137455,2.8284271247461903,0.0,1.354101237802725,2.1667022705078125,2.0727050781250003,1
862,1557,70,225.65964,218.46219,226.33797,3.1950014,9.219544457292887,0.0,4.1152548438657774,3.1537811279296877,2.4340362548828125,1
869,640,272,218.25752,206.75081,217.02328,6.2296243,25.019992006393608,0.0,9.974708915886739,4.324919128417969,3.1742477416992188,1
859,1577,2,229.68716,229.49602,229.68716,0.19115448,1.0,0.0,0.5,2.050398254394531,2.0312835693359377,0
862,622,2,228.3204,227.14478,228.3204,1.175621,1.0,0.0,0.5,2.2855224609375,2.1679595947265624,0
861,1573,4,228.32254,227.14478,228.13356,1.0694417,2.23606797749979,0.0,1.1625703849682212,2.2855224609375,2.1677459716796874,0
864,1385,3,227.66621,226.74287,227.14478,1.0347328,2.0,0.0,1.0,2.3257125854492187,2.233378601074219,0
864,1563,2,228.91722,228.72339,228.91722,0.1938324,1.0,0.0,0.5,2.1276611328125,2.1082778930664063,0
865,1550,2,229.10971,228.72339,229.10971,0.3863144,1.0,0.0,0.5,2.1276611328125,2.0890289306640626,0
868,1534,2,227.54373,227.54373,227.54373,0.0,1.0,0.0,0.5,2.2456268310546874,2.2456268310546874,0
874,1617,9,227.05736,224.26634,227.54373,2.1605697,4.123105625617661,0.0,2.280161251476203,2.5733657836914063,2.294264221191406,1
877,1455,3,229.7509,229.49602,229.87833,0.18022217,1.0,0.0,0.6666666666666666,2.050398254394531,2.0249099731445312,0
879,1462,6,226.36926,223.41455,225.93001,1.9804124,1.4142135623730951,0.0,0.9714045207910317,2.6585449218750004,2.36307373046875,1
883,1157,169,221.22566,207.35207,221.22238,4.279167,24.08318915758459,0.0,10.275457795871965,4.264793395996094,2.8774337768554688,1
887,743,66,224.62383,214.01297,225.72446,3.6915243,9.055385138137417,0.0,4.650095376127923,3.5987030029296876,2.5376174926757815,1
881,1584,1,229.11105,229.11105,229.11105,0.0,0.0,0.0,0.0,2.0888946533203128,2.0888946533203128,0
882,724,2,228.7179,227.93977,228.7179,0.77812195,1.0,0.0,0.5,2.2060226440429687,2.12821044921875,0
882,1523,1,229.87833,229.87833,229.87833,0.0,0.0,0.0,0.0,2.0121673583984374,2.0121673583984374,0
882,1529,2,225.0787,223.41455,225.0787,1.6641617,1.0,0.0,0.5,2.6585449218750004,2.4921295166015627,0
883,1441,1,229.49602,229.49602,229.49602,0.0,0.0,0.0,0.0,2.050398254394531,2.050398254394531,0
884,1186,6,226.76186,223.41455,226.53133,2.2853913,1.4142135623730951,0.0,0.9714045207910317,2.6585449218750004,2.3238143920898438,1
884,1189,1,228.72339,228.72339,228.72339,0.0,0.0,0.0,0.0,2.1276611328125,2.1276611328125,0
884,1225,1,229.87833,229.87833,229.87833,0.0,0.0,0.0,0.0,2.0121673583984374,2.0121673583984374,0
885,1450,16,226.15302,218.93277,226.33644,3.0091584,5.0,0.0,2.0924192915386923,3.1067230224609377,2.384698486328125,1
884,1522,2,226.54042,226.33797,226.54042,0.20245361,1.0,0.0,0.5,2.3662033081054688,2.345957946777344,0
885,1456,1,229.11105,229.11105,229.11105,0.0,0.0,0.0,0.0,2.0888946533203128,2.0888946533203128,0
893,1402,158,223.35655,212.96646,223.84216,4.1246033,11.045361017187261,0.0,5.378867452094656,3.7033538818359375,2.6643447875976562,1
890,1589,1,229.11105,229.11105,229.11105,0.0,0.0,0.0,0.0,2.0888946533203128,2.0888946533203128,0
895,1385,7,226.98576,223.84216,227.93977,2.2003183,2.8284271247461903,0.0,1.6735395203026948,2.61578369140625,2.3014236450195313,1
902,1392,63,225.17184,217.50755,225.51892,2.7711527,13.038404810405298,0.0,6.21097117111146,3.2492446899414062,2.4828155517578128,1
912,1367,327,209.17014,186.99161,208.53105,10.592987,17.88854381999832,0.0,7.776576316225763,6.300839233398438,4.082986450195313,1
906,1411,1,229.87833,229.87833,229.87833,0.0,0.0,0.0,0.0,2.0121673583984374,2.0121673583984374,0
909,744,2,229.68716,229.49602,229.68716,0.19115448,1.0,0.0,0.5,2.050398254394531,2.0312835693359377,0
912,1026,75,217.64209,193.34862,218.46219,6.916224,16.1245154965971,0.0,6.350916090406259,5.665138244628906,3.2357910156250003,1
921,1391,165,226.08987,218.46219,226.33797,2.55888,16.64331697709324,0.0,6.885868926877137,3.1537811279296877,2.3910125732421874,1
910,1428,1,228.72339,228.72339,228.72339,0.0,0.0,0.0,0.0,2.1276611328125,2.1276611328125,0
911,757,7,220.44609,216.53424,218.46219,4.4589925,3.0,0.0,1.7142857142857142,3.346575927734375,2.9553909301757812,1
921,1382,1,229.49602,229.49602,229.49602,0.0,0.0,0.0,0.0,2.050398254394531,2.050398254394531,0
927,1369,30,227.95647,224.26634,228.33298,1.5823638,5.0990195135927845,0.0,2.3303736812899554,2.5733657836914063,2.2043533325195312,1
927,1387,1,229.49602,229.49602,229.49602,0.0,0.0,0.0,0.0,2.050398254394531,2.050398254394531,0
930,890,1,229.11105,229.11105,229.11105,0.0,0.0,0.0,0.0,2.0888946533203128,2.0888946533203128,0
930,895,1,229.87833,229.87833,229.87833,0.0,0.0,0.0,0.0,2.0121673583984374,2.0121673583984374,0
944,898,1629,211.7054,185.98618,209.68028,10.269853,61.1310068623117,0.0,25.075545303131587,6.4013824462890625,3.8294601440429688,1
932,1157,1,229.11105,229.11105,229.11105,0.0,0.0,0.0,0.0,2.0888946533203128,2.0888946533203128,0
936,1161,21,220.04427,212.43446,219.86101,3.5300567,6.0,0.0,2.645550277285121,3.7565536499023438,2.995573425292969,1
940,1195,40,218.52339,194.1754,219.86101,7.9561796,9.0,0.0,3.468909204784533,5.582460021972657,3.147660827636719,1
944,1318,107,227.2271,222.98343,227.54373,1.9137889,10.198039027185569,0.0,4.5749196107167585,2.7016571044921878,2.2772903442382812,1
940,835,1,229.87833,229.87833,229.87833,0.0,0.0,0.0,0.0,2.0121673583984374,2.0121673583984374,0
950,1608,71,223.18198,217.50755,222.54872,3.315875,10.816653826391969,0.0,5.230503580481114,3.2492446899414062,2.6818023681640626,1
948,1182,14,225.82535,217.50755,226.33797,3.3745475,5.385164807134504,0.0,2.5126877628369244,3.2492446899414062,2.4174652099609375,1
953,1403,4,227.31474,224.68715,227.53793,1.8045805,1.4142135623730951,0.0,0.8535533905932737,2.531285095214844,2.2685256958007813,0
956,1315,1,229.49602,229.49602,229.49602,0.0,0.0,0.0,0.0,2.050398254394531,2.050398254394531,0
956,1323,1,229.11105,229.11105,229.11105,0.0,0.0,0.0,0.0,2.0888946533203128,2.0888946533203128,0
959,1373,4,228.62094,227.54373,228.72202,0.74987864,2.0,0.0,1.0,2.2456268310546874,2.1379058837890628,0
961,1377,1,229.11105,229.11105,229.11105,0.0,0.0,0.0,0.0,2.0888946533203128,2.0888946533203128,0
963,1378,3,229.3659,228.72339,229.49602,0.48039293,1.0,0.0,0.6666666666666666,2.1276611328125,2.063409423828125,0
963,664,1,229.49602,229.49602,229.49602,0.0,0.0,0.0,0.0,2.050398254394531,2.050398254394531,0
965,1309,1,229.49602,229.49602,229.49602,0.0,0.0,0.0,0.0,2.050398254394531,2.050398254394531,0
973,876,1,229.49602,229.49602,229.49602,0.0,0.0,0.0,0.0,2.050398254394531,2.050398254394531,0
982,1142,429,221.2826,210.80153,221.22238,5.049898,18.788294228055936,0.0,9.19034616218118,3.919847106933594,2.8717407226562504,1
976,1222,1,228.33298,228.33298,228.33298,0.0,0.0,0.0,0.0,2.1667022705078125,2.1667022705078125,0
978,1158,1,229.87833,229.87833,229.87833,0.0,0.0,0.0,0.0,2.0121673583984374,2.0121673583984374,0
978,1208,7,228.09767,225.93001,227.93977,1.097355,2.0,0.0,1.1183467321065985,2.406999206542969,2.190232849121094,1
987,771,4684,214.5492,189.8501,214.5278,7.8734818,97.3498844375277,0.0,45.212335034173854,6.014990234375,3.5450805664062504,1
980,1254,1,229.11105,229.11105,229.11105,0.0,0.0,0.0,0.0,2.0888946533203128,2.0888946533203128,0
980,1366,2,229.30353,229.11105,229.30353,0.192482,1.0,0.0,0.5,2.0888946533203128,2.069647216796875,0
980,1374,1,228.72339,228.72339,228.72339,0.0,0.0,0.0,0.0,2.1276611328125,2.1276611328125,0
982,1370,10,225.54346,220.31883,225.92844,2.49851,3.1622776601683795,0.0,1.6226772762414359,2.9681167602539062,2.4456542968750004,1
1005,968,2347,211.37961,185.98618,209.10927,12.2610035,111.00450441310929,0.0,46.83527253203961,6.4013824462890625,3.8620391845703126,1
991,1218,3,228.32642,227.14478,228.72339,0.85039556,1.4142135623730951,0.0,0.8047378541243649,2.2855224609375,2.1673583984375,0
992,1217,6,225.14807,218.93277,226.33644,3.2031133,2.8284271247461903,0.0,1.4131181107698458,3.1067230224609377,2.48519287109375,1
1001,1199,4,226.91966,225.51892,226.33185,1.6288366,3.0,0.0,1.5,2.44810791015625,2.3080337524414065,0
1009,1178,3,226.70654,225.10466,225.51892,1.9797006,1.4142135623730951,0.0,0.8047378541243649,2.4895339965820313,2.329345703125,0
1011,1177,2,227.49149,225.10466,227.49149,2.3868332,1.0,0.0,0.5,2.4895339965820313,2.2508514404296878,0
1019,1345,53,226.03267,220.7726,226.33797,2.5311115,10.816653826391969,0.0,4.248462384256833,2.922740173339844,2.396733093261719,1
1013,1169,2,227.69862,225.51892,227.69862,2.1797028,1.0,0.0,0.5,2.44810791015625,2.230137634277344,0
1014,1003,1,226.33797,226.33797,226.33797,0.0,0.0,0.0,0.0,2.3662033081054688,2.3662033081054688,0
1014,1006,1,227.54373,227.54373,227.54373,0.0,0.0,0.0,0.0,2.2456268310546874,2.2456268310546874,0
1016,1000,1,228.33298,228.33298,228.33298,0.0,0.0,0.0,0.0,2.1667022705078125,2.1667022705078125,0
1023,1320,33,225.19102,215.54132,226.33797,3.5264554,6.4031242374328485,0.0,2.804570389452516,3.4458679199218754,2.4808975219726563,1
1020,971,1,226.33797,226.33797,226.33797,0.0,0.0,0.0,0.0,2.3662033081054688,2.3662033081054688,0
1020,1311,1,229.49602,229.49602,229.49602,0.0,0.0,0.0,0.0,2.050398254394531,2.050398254394531,0
1022,970,2,219.7113,213.49258,219.7113,6.218712,1.0,0.0,0.5,3.6507415771484375,3.02886962890625,0
1021,1162,1,229.49602,229.49602,229.49602,0.0,0.0,0.0,0.0,2.050398254394531,2.050398254394531,0
1023,748,5,228.79764,227.93977,228.72339,0.62174296,2.8284271247461903,0.0,1.4957417329238152,2.2060226440429687,2.1202362060546878,1
1023,1519,2,229.68716,229.49602,229.68716,0.19115448,1.0,0.0,0.5,2.050398254394531,2.0312835693359377,0
1026,1303,47,228.84116,226.74287,229.11105,0.83239335,14.317821063276353,0.0,5.405036553737066,2.3257125854492187,2.1158843994140626,1
1025,1326,1,229.49602,229.49602,229.49602,0.0,0.0,0.0,0.0,2.050398254394531,2.050398254394531,0
1026,1505,2,228.13356,227.54373,228.13356,0.5898285,1.0,0.0,0.5,2.2456268310546874,2.1866439819335937,0
1050,1532,1817,220.12048,194.1754,220.7726,6.755595,61.1310068623117,0.0,24.491653076505624,5.582460021972657,2.9879516601562504,1
1029,1309,8,228.55164,225.93001,229.68716,1.6842663,3.1622776601683795,0.0,1.5720614028176843,2.406999206542969,2.14483642578125,1
1031,819,2,227.50748,225.51892,227.50748,1.9885483,1.0,0.0,0.5,2.44810791015625,2.2492523193359375,0
1043,1079,150,228.1574,224.68715,228.33298,1.3271836,13.416407864998739,0.0,6.030637053413702,2.531285095214844,2.1842605590820314,1
1033,1102,5,228.94942,227.54373,229.49602,0.873655,2.8284271247461903,0.0,1.4957417329238152,2.2456268310546874,2.105058288574219,1
1033,1137,6,228.26042,226.74287,228.13638,0.8910777,4.0,0.0,1.8333333333333333,2.3257125854492187,2.1739578247070312,1
1035,1054,23,225.7615,221.22238,225.51892,2.5725796,7.280109889280518,0.0,3.8532006469878963,2.8777618408203125,2.423849487304688,1
1037,1284,7,228.66489,227.93977,228.72339,0.5674595,2.8284271247461903,0.0,1.4969583806598679,2.2060226440429687,2.1335113525390628,1
1035,1544,3,226.97534,224.68715,226.74287,1.9700823,1.0,0.0,0.6666666666666666,2.531285095214844,2.3024658203125,0
1037,1091,1,229.87833,229.87833,229.87833,0.0,0.0,0.0,0.0,2.0121673583984374,2.0121673583984374,0
1037,1105,1,229.87833,229.87833,229.87833,0.0,0.0,0.0,0.0,2.0121673583984374,2.0121673583984374,0
1041,1057,37,228.58554,226.33797,229.11105,1.1280625,8.246211251235321,0.0,3.4815458793523764,2.3662033081054688,2.1414459228515628,1
1039,1281,2,228.7179,227.93977,228.7179,0.77812195,1.0,0.0,0.5,2.2060226440429687,2.12821044921875,0
1041,856,3,227.00195,225.93001,226.74287,0.9979669,2.0,0.0,1.0,2.406999206542969,2.2998046875,0
1045,597,9,226.65094,223.41455,226.33797,2.258244,6.0,0.0,2.6666666666666665,2.6585449218750004,2.334906005859375,1
1049,1434,4,227.8078,225.51892,227.91699,1.9063404,3.0,0.0,1.5,2.44810791015625,2.2192199707031253,0
1051,1425,2,229.30086,228.72339,229.30086,0.5774689,1.0,0.0,0.5,2.1276611328125,2.0699142456054687,0
1053,613,8,228.36278,225.10466,228.91722,1.4547656,7.0,0.0,3.5,2.4895339965820313,2.1637222290039064,1
1054,1017,4,228.1047,225.10466,228.7179,1.8780944,1.0,0.0,0.75,2.4895339965820313,2.1895294189453125,0
1056,1012,10,227.58939,224.68715,228.13638,1.922256,4.0,0.0,1.7886349517372675,2.531285095214844,2.2410614013671877,1
1058,1009,2,228.7179,227.93977,228.7179,0.77812195,1.0,0.0,0.5,2.2060226440429687,2.12821044921875,0
1060,1545,1,229.87833,229.87833,229.87833,0.0,0.0,0.0,0.0,2.0121673583984374,2.0121673583984374,0
1069,601,320,219.55737,204.8967,220.31883,5.9969873,36.345563690772494,0.0,14.431405257748747,4.5103302001953125,3.0442626953125003,1
1065,817,13,225.96637,216.53424,229.11105,4.075115,2.8284271247461903,0.0,1.5033233666819272,3.346575927734375,2.4033630371093753,1
1067,811,1,229.11105,229.11105,229.11105,0.0,0.0,0.0,0.0,2.0888946533203128,2.0888946533203128,0
1067,1266,2,228.10815,226.33797,228.10815,1.7701797,1.0,0.0,0.5,2.3662033081054688,2.1891845703125,0
1079,1545,617,225.13214,217.50755,225.10466,2.5066435,48.507731342539614,0.0,24.032277335079883,3.2492446899414062,2.486785888671875,1
1070,1533,1,229.49602,229.49602,229.49602,0.0,0.0,0.0,0.0,2.050398254394531,2.050398254394531,0
1071,691,12,223.57195,212.43446,225.10466,5.719753,4.0,0.0,1.8875234616560739,3.7565536499023438,2.6428054809570316,1
1071,790,2,226.54042,226.33797,226.54042,0.20245361,1.0,0.0,0.5,2.3662033081054688,2.345957946777344,0
1074,772,48,226.0627,222.98343,225.93001,1.771834,17.11724276862369,0.0,8.330893926402892,2.7016571044921878,2.3937301635742188,1
1073,613,3,229.62346,229.49602,229.49602,0.18022217,2.0,0.0,1.0,2.050398254394531,2.0376541137695314,0
1075,804,68,222.09843,208.53105,222.98343,5.7199273,14.142135623730951,0.0,6.248609168857042,4.146894836425782,2.7901565551757814,1
1076,631,11,220.95483,213.49258,219.39902,6.326955,6.0,0.0,3.0416539197009302,3.6507415771484375,2.9045166015625004,1
1075,820,2,226.11545,224.68715,226.11545,1.4282913,1.0,0.0,0.5,2.531285095214844,2.3884552001953128,0
1077,1426,3,216.69615,207.35207,214.01297,8.928715,1.0,0.0,0.6666666666666666,4.264793395996094,3.3303848266601563,0
1078,1562,5,227.92502,226.33797,228.33298,1.2699977,1.4142135623730951,0.0,0.882842712474619,2.3662033081054688,2.2074981689453126,1
1079,803,4,227.62572,226.33797,227.14331,1.3710108,3.0,0.0,1.5,2.3662033081054688,2.2374282836914063,0
1084,612,268,219.14014,201.61989,222.54872,7.808173,31.144823004794873,0.0,11.855470017066745,4.838011169433594,3.085986328125,1
1081,1026,3,227.25594,225.10466,227.93977,1.5544602,1.0,0.0,0.6666666666666666,2.4895339965820313,2.2744064331054688,0
1081,1475,9,225.1196,221.22238,224.68715,2.8764193,4.47213595499958,0.0,2.248884987847994,2.8777618408203125,2.4880401611328127,1
1081,1494,1,229.87833,229.87833,229.87833,0.0,0.0,0.0,0.0,2.0121673583984374,2.0121673583984374,0
1083,1023,3,228.71703,227.93977,228.33298,0.8367065,2.0,0.0,1.0,2.2060226440429687,2.1282974243164063,0
1085,1378,10,224.09212,217.02328,224.68054,3.7484043,5.0,0.0,2.528538328578604,3.2976715087890627,2.590788269042969,1
1085,785,3,228.59233,228.33298,228.33298,0.36678863,2.0,0.0,1.0,2.1667022705078125,2.1407669067382815,0
1085,1382,1,228.72339,228.72339,228.72339,0.0,0.0,0.0,0.0,2.1276611328125,2.1276611328125,0
1086,628,3,218.8749,215.54132,219.86101,2.4218333,1.0,0.0,0.6666666666666666,3.4458679199218754,3.1125106811523438,0
1086,773,4,225.89487,223.41455,225.91595,1.9440424,2.0,0.0,1.0,2.6585449218750004,2.410513305664063,0
1086,781,8,226.14471,223.41455,225.51733,2.089258,4.0,0.0,2.0,2.6585449218750004,2.385528564453125,1
1087,814,8,224.20227,220.7726,224.05084,2.6053696,4.0,0.0,2.0,2.922740173339844,2.57977294921875,1
1128,1359,6185,214.73044,186.99161,215.54132,8.558863,76.96752561957543,0.0,35.00334321182285,6.300839233398438,3.5269561767578126,1
1089,732,1,229.49602,229.49602,229.49602,0.0,0.0,0.0,0.0,2.050398254394531,2.050398254394531,0
1093,824,27,225.64726,218.93277,226.33797,2.7495077,12.165525060596439,0.0,5.782500062353297,3.1067230224609377,2.4352737426757813,1
1096,657,11,212.27138,203.61568,211.89642,5.3548517,6.0,0.0,2.8181818181818183,4.638432312011719,3.772862243652344,1
1097,796,20,225.72966,220.31883,225.51892,2.88263,4.47213595499958,0.0,2.2482098337870573,2.9681167602539062,2.4270339965820313,1
1097,788,1,229.49602,229.49602,229.49602,0.0,0.0,0.0,0.0,2.050398254394531,2.050398254394531,0
1099,807,31,222.81537,211.89642,223.41455,5.3079157,8.06225774829855,0.0,3.5396122485648998,3.810357666015625,2.718463134765625,1
1103,861,391,220.52745,207.35207,220.7726,5.1538877,44.181444068749045,0.0,21.65150766814294,4.264793395996094,2.9472549438476565,1
1100,609,569,221.10062,206.75081,221.22238,5.065317,58.05170109479997,0.0,19.117279673509003,4.324919128417969,2.8899383544921875,1
1099,747,7,227.28163,224.26634,227.14478,1.938646,5.0,0.0,2.2857142857142856,2.5733657836914063,2.271836853027344,1
1105,1345,55,227.6948,224.68715,227.93977,1.2757803,9.219544457292887,0.0,4.530415816307537,2.531285095214844,2.2305206298828124,1
1107,1336,1,229.49602,229.49602,229.49602,0.0,0.0,0.0,0.0,2.050398254394531,2.050398254394531,0
1107,1339,1,229.49602,229.49602,229.49602,0.0,0.0,0.0,0.0,2.050398254394531,2.050398254394531,0
1113,1512,50,219.8992,207.9454,218.69748,5.00365,6.324555320336759,0.0,3.806236009021591,4.2054595947265625,3.0100799560546876,1
1109,1331,6,228.6523,227.14478,228.72202,0.82772154,4.0,0.0,1.8333333333333333,2.2855224609375,2.134770202636719,1
1109,1519,1,224.26634,224.26634,224.26634,0.0,0.0,0.0,0.0,2.5733657836914063,2.5733657836914063,0
1111,1319,18,225.29135,217.50755,226.33644,4.14264,9.055385138137417,0.0,4.737304068255536,3.2492446899414062,2.4708648681640626,1
1113,669,5,227.67703,225.93001,226.74287,1.6656677,2.23606797749979,0.0,1.130056307974577,2.406999206542969,2.2322967529296878,1
1113,1275,1,228.72339,228.72339,228.72339,0.0,0.0,0.0,0.0,2.1276611328125,2.1276611328125,0
1117,1265,25,225.51247,219.39902,225.10466,2.7897913,6.324555320336759,0.0,3.287114638471071,3.0600982666015626,2.4487533569335938,1
1115,1274,1,229.11105,229.11105,229.11105,0.0,0.0,0.0,0.0,2.0888946533203128,2.0888946533203128,0
1122,1242,32,219.27234,205.5234,220.3168,6.4088616,13.0,0.0,5.985307540087126,4.447659301757812,3.0727661132812503,1
1117,1279,3,221.17839,212.43446,221.22238,7.1214957,1.0,0.0,0.6666666666666666,3.7565536499023438,2.8821609497070315,0
1119,1277,1,223.41455,223.41455,223.41455,0.0,0.0,0.0,0.0,2.6585449218750004,2.6585449218750004,0
1121,844,8,222.44226,217.50755,222.11037,3.3292782,3.0,0.0,1.4562851924841107,3.2492446899414062,2.7557739257812504,1
1122,1234,2,227.71301,225.93001,227.71301,1.7830048,1.0,0.0,0.5,2.406999206542969,2.22869873046875,0
1124,1237,2,229.30353,229.11105,229.30353,0.192482,1.0,0.0,0.5,2.0888946533203128,2.069647216796875,0
1134,674,235,218.76831,203.61568,219.39902,6.8424053,23.53720459187964,0.0,9.176137928687275,4.638432312011719,3.1231689453125,1
1127,690,5,222.57559,216.0403,220.7726,4.9466443,3.0,0.0,1.4,3.395970153808594,2.7424407958984376,1
1132,1235,3,229.10835,228.72339,228.72339,0.5444429,2.0,0.0,1.0,2.1276611328125,2.0891647338867188,0
1134,1232,5,224.12434,219.39902,222.11037,3.8729029,1.4142135623730951,0.0,0.882842712474619,3.0600982666015626,2.587565612792969,1
1140,1234,88,224.34814,215.54132,223.84216,3.1062999,11.704699910719626,0.0,5.38994749987249,3.4458679199218754,2.565185546875,1
1147,1245,39,225.94739,218.93277,225.93001,2.6825526,10.770329614269007,0.0,4.866422444331358,3.1067230224609377,2.40526123046875,1
1150,1218,4,218.30344,211.35217,216.18274,7.128772,2.0,0.0,1.0,3.8647827148437504,3.1696563720703126,0
1153,935,5,219.91682,214.01297,220.31883,4.717667,3.0,0.0,1.4,3.5987030029296876,3.008317565917969,1
1154,827,1,229.87833,229.87833,229.87833,0.0,0.0,0.0,0.0,2.0121673583984374,2.0121673583984374,0
1154,829,1,224.68715,224.68715,224.68715,0.0,0.0,0.0,0.0,2.531285095214844,2.531285095214844,0
1155,928,4,224.16415,220.7726,223.38647,3.2820861,3.0,0.0,1.5,2.922740173339844,2.5835845947265628,0
1156,1434,1,225.93001,225.93001,225.93001,0.0,0.0,0.0,0.0,2.406999206542969,2.406999206542969,0
1174,1332,30,225.14555,218.46219,225.3118,3.236245,7.615773105863909,0.0,3.7061395571452422,3.1537811279296877,2.4854446411132813,1
1170,1315,7,228.37466,226.33797,228.72339,1.2532771,2.8284271247461903,0.0,1.3541012378027248,2.3662033081054688,2.1625335693359378,1
1170,1406,36,224.70511,216.53424,224.8959,3.2450118,8.0,0.0,3.457077517552061,3.346575927734375,2.5294891357421876,1
1172,1339,8,217.96222,207.9454,218.93277,5.7258716,2.23606797749979,0.0,1.2580618877807475,4.2054595947265625,3.2037780761718753,1
1171,1350,1,229.87833,229.87833,229.87833,0.0,0.0,0.0,0.0,2.0121673583984374,2.0121673583984374,0
1172,1311,2,229.49602,229.49602,229.49602,0.0,1.0,0.0,0.5,2.050398254394531,2.050398254394531,0
1173,1216,1,228.33298,228.33298,228.33298,0.0,0.0,0.0,0.0,2.1667022705078125,2.1667022705078125,0
1174,1308,1,229.49602,229.49602,229.49602,0.0,0.0,0.0,0.0,2.050398254394531,2.050398254394531,0
1175,1213,1,225.93001,225.93001,225.93001,0.0,0.0,0.0,0.0,2.406999206542969,2.406999206542969,0
1181,1196,14,226.42015,223.41455,226.13089,1.9106586,5.385164807134504,0.0,2.8233819385602894,2.6585449218750004,2.357984924316406,1
1180,1291,1,224.68715,224.68715,224.68715,0.0,0.0,0.0,0.0,2.531285095214844,2.531285095214844,0
1186,1278,2,229.68716,229.49602,229.68716,0.19115448,1.0,0.0,0.5,2.050398254394531,2.0312835693359377,0
1188,1289,117,217.06041,198.06773,217.50755,7.205324,19.924858845171276,0.0,7.840323297482855,5.193226623535157,3.2939590454101566,1
1187,795,2,227.93408,227.14478,227.93408,0.78930664,1.0,0.0,0.5,2.2855224609375,2.206591796875,0
1188,1274,2,226.54042,226.33797,226.54042,0.20245361,1.0,0.0,0.5,2.3662033081054688,2.345957946777344,0
1192,789,60,223.46884,216.53424,223.19899,3.7199311,11.40175425099138,0.0,4.698543437633432,3.346575927734375,2.6531158447265626,1
1190,875,2,227.12115,225.51892,227.12115,1.6022339,1.0,0.0,0.5,2.44810791015625,2.2878845214843753,0
1190,1271,2,228.91449,228.33298,228.91449,0.5815201,1.0,0.0,0.5,2.1667022705078125,2.108551025390625,0
1190,1308,1,226.74287,226.74287,226.74287,0.0,0.0,0.0,0.0,2.3257125854492187,2.3257125854492187,0
1194,1298,254,222.48767,204.8967,223.84216,5.0785737,34.17601498127012,0.0,17.244390731889386,4.5103302001953125,2.7512329101562503,1
1194,861,124,220.70744,203.61568,220.31883,4.750047,15.811388300841896,0.0,7.33655408275955,4.638432312011719,2.9292556762695314,1
1197,1144,1,229.87833,229.87833,229.87833,0.0,0.0,0.0,0.0,2.0121673583984374,2.0121673583984374,0
1199,1138,5,229.26396,228.72339,229.11105,0.39249837,3.1622776601683795,0.0,1.679669127533634,2.1276611328125,2.0736038208007814,1
1207,1288,4,228.71718,227.54373,228.91449,0.82731014,2.0,0.0,1.0,2.2456268310546874,2.128282165527344,0
1215,1250,1,229.87833,229.87833,229.87833,0.0,0.0,0.0,0.0,2.0121673583984374,2.0121673583984374,0
1215,1410,4,227.32962,225.51892,227.34425,1.2779033,2.0,0.0,1.0,2.44810791015625,2.2670379638671876,0
1217,564,3,227.25261,225.51892,226.74287,1.6631682,1.0,0.0,0.6666666666666666,2.44810791015625,2.2747390747070315,0
1217,1246,1,228.33298,228.33298,228.33298,0.0,0.0,0.0,0.0,2.1667022705078125,2.1667022705078125,0
1218,330,1,224.68715,224.68715,224.68715,0.0,0.0,0.0,0.0,2.531285095214844,2.531285095214844,0
1219,562,3,226.18565,224.68715,225.93001,1.3401253,1.0,0.0,0.6666666666666666,2.531285095214844,2.3814346313476564,0
1219,1241,1,228.33298,228.33298,228.33298,0.0,0.0,0.0,0.0,2.1667022705078125,2.1667022705078125,0
1228,221,2,228.7179,227.93977,228.7179,0.77812195,1.0,0.0,0.5,2.2060226440429687,2.12821044921875,0
1228,317,1,227.14478,227.14478,227.14478,0.0,0.0,0.0,0.0,2.2855224609375,2.2855224609375,0
1232,243,6,225.4345,223.41455,225.3118,1.2922693,5.0,0.0,2.5,2.6585449218750004,2.4565505981445312,1
1237,327,208,220.85843,212.43446,220.31883,4.650333,13.038404810405298,0.0,6.255893008537626,3.7565536499023438,2.9141571044921877,1
1236,1229,3,228.585,227.54373,228.33298,0.9696131,2.0,0.0,1.0,2.2456268310546874,2.1414993286132815,0
1236,1232,2,229.68716,229.49602,229.68716,0.19115448,1.0,0.0,0.5,2.050398254394531,2.0312835693359377,0
1238,223,2,225.30215,224.26634,225.30215,1.0358124,1.0,0.0,0.5,2.5733657836914063,2.4697845458984378,0
1242,1233,23,228.67566,225.51892,229.11105,1.2404583,4.47213595499958,0.0,2.499420105164709,2.44810791015625,2.13243408203125,1
1238,1256,4,229.30017,228.33298,229.49469,0.64026487,3.0,0.0,1.5,2.1667022705078125,2.06998291015625,0
1238,1285,1,229.49602,229.49602,229.49602,0.0,0.0,0.0,0.0,2.050398254394531,2.050398254394531,0
1238,1290,3,226.30981,224.68715,225.51892,1.7401049,1.0,0.0,0.6666666666666666,2.531285095214844,2.3690185546875,0
1244,553,39,226.38383,216.0403,227.54373,3.491042,5.830951894845301,0.0,3.4454461996539023,3.395970153808594,2.361616516113281,1
1240,1250,124,227.91104,224.68715,227.93977,1.3245234,15.652475842498529,0.0,7.033204147966974,2.531285095214844,2.2088958740234377,1
1240,1261,2,229.49469,229.11105,229.49469,0.38363647,1.0,0.0,0.5,2.0888946533203128,2.050531005859375,0
1241,1258,1,229.87833,229.87833,229.87833,0.0,0.0,0.0,0.0,2.0121673583984374,2.0121673583984374,0
1243,1279,22,227.1911,221.22238,228.13638,2.6258507,5.385164807134504,0.0,2.2799101713538525,2.8777618408203125,2.280889892578125,1
1245,319,12,227.2512,223.84216,227.14478,1.7125207,3.605551275463989,0.0,1.824734928343694,2.61578369140625,2.2748794555664062,1
1242,560,1,229.49602,229.49602,229.49602,0.0,0.0,0.0,0.0,2.050398254394531,2.050398254394531,0
1249,1259,25,228.32974,225.51892,228.72339,1.4430274,6.324555320336759,0.0,3.70554365344357,2.44810791015625,2.1670257568359377,1
1244,1267,7,227.62805,225.10466,227.54373,1.7828357,3.0,0.0,1.5214687914104121,2.4895339965820313,2.2371948242187503,1
1247,406,8,226.7197,224.68715,226.73688,1.5836796,2.23606797749979,0.0,1.4125703849682212,2.531285095214844,2.3280303955078128,1
1248,572,4,216.21954,206.75081,214.702,8.160138,2.0,0.0,1.0,4.324919128417969,3.378045654296875,0
1249,1243,2,227.34425,227.14478,227.34425,0.19947815,1.0,0.0,0.5,2.2855224609375,2.265574645996094,0
1249,1246,1,229.87833,229.87833,229.87833,0.0,0.0,0.0,0.0,2.0121673583984374,2.0121673583984374,0
1249,1249,1,228.72339,228.72339,228.72339,0.0,0.0,0.0,0.0,2.1276611328125,2.1276611328125,0
1254,1122,33,220.24057,202.9607,222.11037,7.0529423,10.198039027185569,0.0,4.502726319173667,4.7039306640625,2.975942993164063,1
1261,1254,148,227.31514,223.84216,227.14478,1.5262533,13.92838827718412,0.0,6.54896218984916,2.61578369140625,2.2684860229492188,1
1253,1284,1,229.11105,229.11105,229.11105,0.0,0.0,0.0,0.0,2.0888946533203128,2.0888946533203128,0
1257,408,1,228.33298,228.33298,228.33298,0.0,0.0,0.0,0.0,2.1667022705078125,2.1667022705078125,0
1257,430,1,226.33797,226.33797,226.33797,0.0,0.0,0.0,0.0,2.3662033081054688,2.3662033081054688,0
1257,1270,1,229.87833,229.87833,229.87833,0.0,0.0,0.0,0.0,2.0121673583984374,2.0121673583984374,0
1268,433,22,227.34438,223.41455,227.74176,1.9963498,3.605551275463989,0.0,1.9209944237325487,2.6585449218750004,2.2655624389648437,1
1269,1111,31,225.40514,215.0372,226.74287,4.2684546,7.615773105863909,0.0,3.138474224390208,3.4962799072265627,2.4594863891601566,1
1273,503,13,228.34068,225.10466,229.11105,1.5744852,4.47213595499958,0.0,2.3451155762217994,2.4895339965820313,2.1659317016601562,1
1270,1258,2,228.71103,227.54373,228.71103,1.1672974,1.0,0.0,0.5,2.2456268310546874,2.1288970947265624,0
1271,442,2,228.90906,227.93977,228.90906,0.9692764,1.0,0.0,0.5,2.2060226440429687,2.10909423828125,0
1271,496,4,228.517,226.74287,228.72339,1.1275997,2.0,0.0,1.0,2.3257125854492187,2.1483001708984375,0
1296,889,1129,213.65964,201.61989,211.89642,7.492479,41.43669871020132,0.0,18.488578348522573,4.838011169433594,3.6340362548828127,1
1273,1616,3,228.8481,228.33298,228.33298,0.7284846,1.0,0.0,0.6666666666666666,2.1667022705078125,2.115190124511719,0
1276,1009,77,226.60432,215.0372,227.54373,2.8888888,24.351591323771842,0.0,12.416848320982451,3.4962799072265627,2.3395675659179687,1
1275,506,1,229.87833,229.87833,229.87833,0.0,0.0,0.0,0.0,2.0121673583984374,2.0121673583984374,0
1282,1617,53,223.57286,211.35217,223.41455,3.8656526,10.44030650891055,0.0,4.9983178390522385,3.8647827148437504,2.6427139282226566,1
1286,644,22,223.00255,203.61568,225.10466,6.365739,7.280109889280518,0.0,3.7651146886896467,4.638432312011719,2.6997451782226562,1
1288,336,6,228.13263,227.14478,228.13638,0.6716024,4.0,0.0,1.8333333333333333,2.2855224609375,2.186737060546875,1
1295,345,169,217.91885,207.35207,217.02328,5.7594237,12.165525060596439,0.0,5.788328622078338,4.264793395996094,3.2081146240234375,1
1293,320,12,225.23479,221.66829,225.51892,2.1404667,3.1622776601683795,0.0,1.7052367283261791,2.833171081542969,2.4765213012695315,1
1293,923,1,229.87833,229.87833,229.87833,0.0,0.0,0.0,0.0,2.0121673583984374,2.0121673583984374,0
1302,495,87,227.96826,224.26634,227.93977,1.1611807,8.94427190999916,0.0,4.357781791818621,2.5733657836914063,2.203173828125,1
1294,708,4,224.4853,222.11037,222.97626,3.1929207,2.0,0.0,1.0,2.7889633178710938,2.551469421386719,0
1294,919,2,228.33298,228.33298,228.33298,0.0,1.0,0.0,0.5,2.1667022705078125,2.1667022705078125,0
1294,1079,2,227.34132,226.74287,227.34132,0.5984497,1.0,0.0,0.5,2.3257125854492187,2.2658676147460937,0
1296,500,1,229.49602,229.49602,229.49602,0.0,0.0,0.0,0.0,2.050398254394531,2.050398254394531,0
1296,916,5,224.38998,218.46219,225.10466,3.7146838,2.0,0.0,1.2,3.1537811279296877,2.5610015869140628,1
1296,1075,8,223.04984,216.0403,222.96732,3.9673607,5.0,0.0,2.25,3.395970153808594,2.6950164794921876,1
1297,1049,1,229.87833,229.87833,229.87833,0.0,0.0,0.0,0.0,2.0121673583984374,2.0121673583984374,0
1298,912,5,222.08003,218.93277,220.7726,3.4834988,4.0,0.0,2.0,3.1067230224609377,2.791996765136719,1
1298,920,2,218.7207,207.9454,218.7207,10.775307,1.0,0.0,0.5,4.2054595947265625,3.1279296875,0
1312,643,420,217.97699,204.8967,217.02328,5.6177735,27.294688127912362,0.0,13.21639539048228,4.5103302001953125,3.202301025390625,1
1299,950,2,228.51155,227.14478,228.51155,1.3667755,1.0,0.0,0.5,2.2855224609375,2.148844909667969,0
1300,1617,3,226.58601,225.10466,225.93001,1.5484535,1.0,0.0,0.6666666666666666,2.4895339965820313,2.3413986206054687,0
1300,514,2,229.49469,229.11105,229.49469,0.38363647,1.0,0.0,0.5,2.0888946533203128,2.050531005859375,0
1300,889,2,226.21353,222.54872,226.21353,3.6648026,1.0,0.0,0.5,2.745127868652344,2.3786468505859375,0
1304,875,14,221.73294,214.01297,222.76608,4.4225364,7.280109889280518,0.0,3.3992120364643696,3.5987030029296876,2.8267059326171875,1
1312,917,2008,215.97067,198.80298,215.0372,7.5450115,117.78370006074695,0.0,45.360964630621396,5.119702148437501,3.4029327392578126,1
1302,1611,2,229.11105,229.11105,229.11105,0.0,1.0,0.0,0.5,2.0888946533203128,2.0888946533203128,0
1316,342,772,217.24763,193.34862,216.53424,6.9133325,67.97793759742936,0.0,32.57398271876231,5.665138244628906,3.275236511230469,1
1307,476,24,228.2747,226.33797,228.33298,1.0092677,5.0,0.0,2.305456561176642,2.3662033081054688,2.172529602050781,1
1304,1594,92,217.20102,197.31895,217.74734,8.460964,14.0,0.0,5.547854674439419,5.268104553222656,3.279898071289063,1
1304,1614,8,221.85837,211.35217,223.17772,6.168759,3.1622776601683795,0.0,1.403346595301795,3.8647827148437504,2.8141632080078125,1
1304,491,1,229.49602,229.49602,229.49602,0.0,0.0,0.0,0.0,2.050398254394531,2.050398254394531,0
1304,510,1,229.49602,229.49602,229.49602,0.0,0.0,0.0,0.0,2.050398254394531,2.050398254394531,0
1305,511,1,229.87833,229.87833,229.87833,0.0,0.0,0.0,0.0,2.0121673583984374,2.0121673583984374,0
1305,584,1,229.49602,229.49602,229.49602,0.0,0.0,0.0,0.0,2.050398254394531,2.050398254394531,0
1305,586,1,229.87833,229.87833,229.87833,0.0,0.0,0.0,0.0,2.0121673583984374,2.0121673583984374,0
1306,507,4,227.82596,226.74287,227.34132,1.2817284,3.0,0.0,1.5,2.3257125854492187,2.2174041748046878,0
1314,599,290,215.1157,189.8501,214.5278,8.410474,20.0,0.0,8.817591805378557,6.014990234375,3.4884292602539064,1
1306,871,2,225.92844,225.51892,225.92844,0.409523,1.0,0.0,0.5,2.44810791015625,2.407156372070313,0
1308,506,2,228.52818,228.33298,228.52818,0.19520569,1.0,0.0,0.5,2.1667022705078125,2.1471817016601564,0
1315,307,64,225.90515,217.50755,226.74287,3.4230578,16.278820596099706,0.0,8.559580683263047,3.2492446899414062,2.40948486328125,1
1312,474,39,227.68895,225.51892,227.54373,1.3862888,10.04987562112089,0.0,4.925475461036321,2.44810791015625,2.2311050415039064,1
1313,502,2,229.87833,229.87833,229.87833,0.0,1.0,0.0,0.5,2.0121673583984374,2.0121673583984374,0
1314,162,24,219.10274,195.7783,222.32587,9.656438,5.0,0.0,2.903481598405724,5.422169494628907,3.089726257324219,1
1315,1599,20,218.68538,210.2443,218.22467,5.425684,7.280109889280518,0.0,2.9379527917979718,3.9755706787109375,3.1314620971679688,1
1317,478,7,228.21463,227.14478,227.93977,0.8302072,2.23606797749979,0.0,1.2357545056961265,2.2855224609375,2.1785369873046876,1
1327,365,76,226.45706,215.0372,227.54373,3.2274864,15.652475842498529,0.0,5.611881078443736,3.4962799072265627,2.3542938232421875,1
1322,386,16,227.39423,224.26634,227.34425,1.6570582,2.8284271247461903,0.0,1.574592831671121,2.5733657836914063,2.260577392578125,1
1323,470,6,228.90804,227.14478,229.30353,1.026035,3.1622776601683795,0.0,1.6354265333402107,2.2855224609375,2.109196472167969,1
1327,160,69,217.88766,203.61568,217.98715,6.543227,8.06225774829855,0.0,3.9433252252496636,4.638432312011719,3.211233520507813,1
1323,290,31,224.893,217.98715,225.51892,3.343398,6.324555320336759,0.0,2.6396172969021205,3.201284790039063,2.510699462890625,1
1321,810,2,217.47017,215.54132,217.47017,1.9288483,1.0,0.0,0.5,3.4458679199218754,3.2529830932617188,0
1323,480,1,229.49602,229.49602,229.49602,0.0,0.0,0.0,0.0,2.050398254394531,2.050398254394531,0
1324,287,1,229.87833,229.87833,229.87833,0.0,0.0,0.0,0.0,2.0121673583984374,2.0121673583984374,0
1334,470,99,225.74191,220.31883,225.51892,2.620031,12.727922061357855,0.0,6.184197203870029,2.9681167602539062,2.4258087158203128,1
1324,608,1,229.11105,229.11105,229.11105,0.0,0.0,0.0,0.0,2.0888946533203128,2.0888946533203128,0
1338,524,352,222.95645,212.43446,223.19899,3.8019025,18.110770276274835,0.0,8.533563023277194,3.7565536499023438,2.7043548583984376,1
1326,172,1,226.33797,226.33797,226.33797,0.0,0.0,0.0,0.0,2.3662033081054688,2.3662033081054688,0
1326,608,1,228.72339,228.72339,228.72339,0.0,0.0,0.0,0.0,2.1276611328125,2.1276611328125,0
1327,173,1,226.74287,226.74287,226.74287,0.0,0.0,0.0,0.0,2.3257125854492187,2.3257125854492187,0
1327,1593,2,229.30086,228.72339,229.30086,0.5774689,1.0,0.0,0.5,2.1276611328125,2.0699142456054687,0
1330,392,18,225.81264,219.39902,225.93001,2.785098,3.1622776601683795,0.0,1.787645410112945,3.0600982666015626,2.418736267089844,1
1329,1575,3,219.40819,208.53105,222.54872,7.916856,1.0,0.0,0.6666666666666666,4.146894836425782,3.0591812133789062,0
1330,403,1,228.33298,228.33298,228.33298,0.0,0.0,0.0,0.0,2.1667022705078125,2.1667022705078125,0
1331,1573,6,223.66338,215.0372,226.72934,5.855698,1.4142135623730951,0.0,0.9714045207910317,3.4962799072265627,2.6336624145507814,1
1337,153,320,214.92648,202.9607,212.70047,7.604012,17.08800749063506,0.0,7.992980907178058,4.7039306640625,3.5073516845703128,1
1337,400,503,222.19907,212.43446,222.11037,4.3200603,34.655446902326915,0.0,16.48624494031674,3.7565536499023438,2.7800933837890627,1
1336,483,15,228.45457,226.74287,228.72339,0.9879301,5.385164807134504,0.0,2.9708020986063843,2.3257125854492187,2.1545425415039063,1
1331,538,1,229.11105,229.11105,229.11105,0.0,0.0,0.0,0.0,2.0888946533203128,2.0888946533203128,0
1333,391,8,226.69287,222.11037,226.33797,2.3307498,3.1622776601683795,0.0,1.476569900005158,2.7889633178710938,2.330712890625,1
1333,407,1,229.11105,229.11105,229.11105,0.0,0.0,0.0,0.0,2.0888946533203128,2.0888946533203128,0
1333,428,3,227.25465,225.93001,226.33797,1.5936031,1.0,0.0,0.6666666666666666,2.406999206542969,2.2745346069335937,0
1335,376,21,225.86234,221.66829,225.51892,1.7563711,5.0990195135927845,0.0,2.302619631277836,2.833171081542969,2.4137664794921876,1
1335,503,6,228.2535,226.74287,227.93835,1.2450883,2.23606797749979,0.0,1.1083802566454808,2.3257125854492187,2.1746505737304687,1
1335,345,3,228.58595,227.93977,227.93977,0.91384256,1.0,0.0,0.6666666666666666,2.2060226440429687,2.141404724121094,0
1335,415,1,229.87833,229.87833,229.87833,0.0,0.0,0.0,0.0,2.0121673583984374,2.0121673583984374,0
1335,423,1,229.11105,229.11105,229.11105,0.0,0.0,0.0,0.0,2.0888946533203128,2.0888946533203128,0
1336,477,6,227.84386,224.26634,228.72339,1.8208673,3.1622776601683795,0.0,1.5663909396113616,2.5733657836914063,2.2156143188476562,1
1343,555,233,220.39099,205.5234,220.7726,6.3487916,19.1049731745428,0.0,7.791660244701015,4.447659301757812,2.96090087890625,1
1336,445,2,227.33548,226.33797,227.33548,0.9975052,1.0,0.0,0.5,2.3662033081054688,2.2664520263671877,0
1337,443,2,227.93835,227.54373,227.93835,0.3946228,1.0,0.0,0.5,2.2456268310546874,2.20616455078125,0
1338,389,1,229.11105,229.11105,229.11105,0.0,0.0,0.0,0.0,2.0888946533203128,2.0888946533203128,0
1338,556,2,228.13356,227.54373,228.13356,0.5898285,1.0,0.0,0.5,2.2456268310546874,2.1866439819335937,0
1342,456,2,227.49149,225.10466,227.49149,2.3868332,1.0,0.0,0.5,2.4895339965820313,2.2508514404296878,0
1345,410,18,226.0142,222.54872,226.33644,2.3696136,4.242640687119285,0.0,2.110059948900411,2.745127868652344,2.3985794067382815,1
1346,528,1,229.11105,229.11105,229.11105,0.0,0.0,0.0,0.0,2.0888946533203128,2.0888946533203128,0
1347,403,1,229.49602,229.49602,229.49602,0.0,0.0,0.0,0.0,2.050398254394531,2.050398254394531,0
1349,404,2,227.71301,225.93001,227.71301,1.7830048,1.0,0.0,0.5,2.406999206542969,2.22869873046875,0
1349,622,1,225.51892,225.51892,225.51892,0.0,0.0,0.0,0.0,2.44810791015625,2.44810791015625,0
1352,1561,14,217.56418,204.26091,220.3107,7.5314937,7.280109889280518,0.0,3.382350038071528,4.573908996582031,3.243582153320313,1
1352,427,1,229.11105,229.11105,229.11105,0.0,0.0,0.0,0.0,2.0888946533203128,2.0888946533203128,0
1352,444,1,226.74287,226.74287,226.74287,0.0,0.0,0.0,0.0,2.3257125854492187,2.3257125854492187,0
1353,132,1,229.49602,229.49602,229.49602,0.0,0.0,0.0,0.0,2.050398254394531,2.050398254394531,0
1354,574,10,224.93677,222.54872,224.26465,2.1366248,6.082762530298219,0.0,3.070323330717683,2.745127868652344,2.5063232421875004,1
1355,122,3,225.59767,222.11037,226.74287,2.5138433,1.0,0.0,0.6666666666666666,2.7889633178710938,2.440232849121094,0
1355,134,14,227.35939,221.66829,227.54373,2.1519506,5.385164807134504,0.0,3.0250035438300604,2.833171081542969,2.2640609741210938,1
1357,364,82,217.78525,204.26091,217.02328,6.455064,8.06225774829855,0.0,4.12673620870229,4.573908996582031,3.2214752197265626,1
1364,786,532,219.3038,206.14136,219.39902,4.943678,47.67598976424087,0.0,22.906093129069575,4.3858642578125,3.0696197509765626,1
1357,125,3,225.89803,223.84216,225.51892,1.8528608,2.0,0.0,1.0,2.61578369140625,2.410197448730469,0
1358,438,5,227.58237,224.26634,228.72339,2.114349,1.4142135623730951,0.0,0.882842712474619,2.5733657836914063,2.2417633056640627,1
1359,140,3,228.3302,227.93977,227.93977,0.5521467,2.0,0.0,1.0,2.2060226440429687,2.16697998046875,0
1359,416,1,228.33298,228.33298,228.33298,0.0,0.0,0.0,0.0,2.1667022705078125,2.1667022705078125,0
1362,386,6,226.36682,223.84216,226.32419,2.04779,2.23606797749979,0.0,1.2750469233121475,2.61578369140625,2.36331787109375,1
1361,123,1,229.87833,229.87833,229.87833,0.0,0.0,0.0,0.0,2.0121673583984374,2.0121673583984374,0
1361,146,3,227.9369,227.14478,228.33298,0.56012374,1.0,0.0,0.6666666666666666,2.2855224609375,2.206309509277344,0
1364,419,74,226.35786,217.98715,226.74287,2.2340808,12.649110640673518,0.0,6.29590718314532,3.201284790039063,2.364213562011719,1
1367,374,16,227.42987,222.98343,228.33157,2.0754106,4.123105625617661,0.0,1.9852557469003198,2.7016571044921878,2.257012939453125,1
1364,436,1,228.33298,228.33298,228.33298,0.0,0.0,0.0,0.0,2.1667022705078125,2.1667022705078125,0
1364,439,2,229.49602,229.49602,229.49602,0.0,1.0,0.0,0.5,2.050398254394531,2.050398254394531,0
1367,402,17,226.1691,222.11037,226.33797,2.3029525,5.0,0.0,2.071367655563237,2.7889633178710938,2.3830902099609377,1
1367,1583,1,226.33797,226.33797,226.33797,0.0,0.0,0.0,0.0,2.3662033081054688,2.3662033081054688,0
1367,1585,1,226.33797,226.33797,226.33797,0.0,0.0,0.0,0.0,2.3662033081054688,2.3662033081054688,0
1368,781,3,227.24599,224.68715,227.93977,1.8714936,1.0,0.0,0.6666666666666666,2.531285095214844,2.275401306152344,0
1369,1580,8,221.91179,212.43446,224.18358,6.1758714,2.23606797749979,0.0,1.1330618877807475,3.7565536499023438,2.8088211059570316,1
1369,806,1,229.87833,229.87833,229.87833,0.0,0.0,0.0,0.0,2.0121673583984374,2.0121673583984374,0
1370,292,4,228.42642,227.54373,228.52542,0.6988221,1.4142135623730951,0.0,0.8535533905932737,2.2456268310546874,2.1573577880859376,0
1371,280,1,229.49602,229.49602,229.49602,0.0,0.0,0.0,0.0,2.050398254394531,2.050398254394531,0
1371,802,5,222.78166,219.86101,222.98343,1.723759,2.0,0.0,1.2,3.0138992309570316,2.7218338012695313,1
1371,809,1,227.14478,227.14478,227.14478,0.0,0.0,0.0,0.0,2.2855224609375,2.2855224609375,0
1372,406,1,229.49602,229.49602,229.49602,0.0,0.0,0.0,0.0,2.050398254394531,2.050398254394531,0
1374,1534,98,215.25398,195.7783,214.7825,8.451557,16.1245154965971,0.0,5.842955548833865,5.422169494628907,3.4746017456054688,1
1373,798,1,223.41455,223.41455,223.41455,0.0,0.0,0.0,0.0,2.6585449218750004,2.6585449218750004,0
1418,492,6302,213.68547,181.64748,212.43446,8.063656,112.53888216967503,0.0,45.15051358158395,6.835252380371094,3.6314529418945316,1
1378,652,1,229.49602,229.49602,229.49602,0.0,0.0,0.0,0.0,2.050398254394531,2.050398254394531,0
1379,121,2,224.05426,223.84216,224.05426,0.21208954,1.0,0.0,0.5,2.61578369140625,2.594573974609375,0
1380,147,1,228.33298,228.33298,228.33298,0.0,0.0,0.0,0.0,2.1667022705078125,2.1667022705078125,0
1380,635,3,225.09492,223.84216,225.10466,1.0189309,1.0,0.0,0.6666666666666666,2.61578369140625,2.490507507324219,0
1382,646,18,225.56299,218.46219,225.72446,3.1760516,7.280109889280518,0.0,3.0418046181299965,3.1537811279296877,2.4437011718750004,1
1383,1529,3,226.35228,221.22238,228.72339,3.6308331,1.0,0.0,0.6666666666666666,2.8777618408203125,2.3647720336914064,0
1393,412,61,226.50613,220.31883,226.74287,2.5093472,10.770329614269007,0.0,5.30590081579751,2.9681167602539062,2.3493865966796874,1
1388,161,116,220.19235,210.80153,220.08992,4.619506,12.165525060596439,0.0,5.545149212995346,3.919847106933594,2.980764770507813,1
1384,642,2,229.68716,229.49602,229.68716,0.19115448,1.0,0.0,0.5,2.050398254394531,2.0312835693359377,0
1385,1528,4,228.32672,227.54373,228.13356,0.82926834,3.0,0.0,1.5,2.2456268310546874,2.167327880859375,0
1391,1535,4,223.518,215.54132,225.49347,4.824223,1.0,0.0,0.75,3.4458679199218754,2.6481994628906254,0
1391,417,1,229.11105,229.11105,229.11105,0.0,0.0,0.0,0.0,2.0888946533203128,2.0888946533203128,0
1391,1528,1,228.33298,228.33298,228.33298,0.0,0.0,0.0,0.0,2.1667022705078125,2.1667022705078125,0
1422,257,1670,213.7309,187.9696,212.96646,7.362985,38.600518131237564,0.0,20.88871781918201,6.20303955078125,3.626910400390625,1
1395,725,1,229.49602,229.49602,229.49602,0.0,0.0,0.0,0.0,2.050398254394531,2.050398254394531,0
1395,1517,4,223.03693,218.93277,221.66829,4.1047287,2.0,0.0,1.0,3.1067230224609377,2.696307373046875,0
1397,724,8,226.5156,223.84216,226.33644,1.6494687,4.123105625617661,0.0,2.4401814079107287,2.61578369140625,2.3484405517578124,1
1399,568,7,222.05643,219.39902,221.22238,2.3650281,3.0,0.0,1.487744794624728,3.0600982666015626,2.7943572998046875,1
1399,717,6,224.63832,222.54872,223.62836,2.2697418,3.0,0.0,1.4023689270621826,2.745127868652344,2.536167907714844,1
1402,155,91,214.26643,191.63977,215.54132,8.836802,10.770329614269007,0.0,5.375384908550172,5.8360229492187505,3.5733566284179688,1
1401,1514,3,224.46082,222.11037,222.54872,3.0193954,2.0,0.0,1.0,2.7889633178710938,2.55391845703125,0
1403,1523,6,225.11621,220.31883,224.47675,3.6779718,2.23606797749979,0.0,1.2750469233121475,2.9681167602539062,2.4883789062500004,1
1407,662,34,227.08109,222.54872,227.74176,2.0934126,12.165525060596439,0.0,6.718122782267174,2.745127868652344,2.2918914794921874,1
1406,1260,3,202.27016,190.75562,198.06773,11.507519,2.0,0.0,1.0,5.9244384765625,4.772984313964844,0
1407,1509,4,225.35745,223.41455,224.25961,2.487034,1.4142135623730951,0.0,0.8535533905932737,2.6585449218750004,2.464254760742188,0
1418,1496,328,218.53108,206.75081,218.46219,6.704222,17.72004514666935,0.0,8.28065717543285,4.324919128417969,3.146891784667969,1
1435,161,868,213.03868,200.93326,211.35217,7.5331845,27.65863337187866,0.0,12.294121207174655,4.906674194335938,3.6961318969726564,1
1426,512,366,216.9475,192.50374,217.98715,8.176744,22.47220505424423,0.0,9.744043599552745,5.749626159667969,3.3052505493164066,1
1423,1253,38,218.88026,202.9607,220.3107,7.288847,10.295630140987,0.0,4.946936134138779,4.7039306640625,3.111973571777344,1
1419,610,1,227.93977,227.93977,227.93977,0.0,0.0,0.0,0.0,2.2060226440429687,2.2060226440429687,0
1422,334,5,227.27473,223.84216,227.54373,1.8121372,2.8284271247461903,0.0,1.612899020449196,2.61578369140625,2.272526550292969,1
1424,339,4,228.02596,226.33797,228.3274,1.1658388,2.0,0.0,1.0,2.3662033081054688,2.197404479980469,0
1422,1616,3,227.10698,225.10466,226.33797,2.0232835,1.0,0.0,0.6666666666666666,2.4895339965820313,2.2893020629882814,0
1424,267,3,218.9543,210.2443,217.50755,7.7699623,1.0,0.0,0.6666666666666666,3.9755706787109375,3.104570007324219,0
1426,360,106,222.42021,210.80153,223.84216,4.8493967,12.083045973594572,0.0,5.2513858738524,3.919847106933594,2.7579788208007816,1
1428,538,17,221.94041,215.54132,220.7726,4.496166,6.324555320336759,0.0,2.929935268762879,3.4458679199218754,2.8059585571289065,1
1435,349,141,227.10262,219.86101,227.54373,2.218495,17.46424919657298,0.0,8.047469021249427,3.0138992309570316,2.289738464355469,1
1427,1609,1,225.51892,225.51892,225.51892,0.0,0.0,0.0,0.0,2.44810791015625,2.44810791015625,0
1430,266,1,222.11037,222.11037,222.11037,0.0,0.0,0.0,0.0,2.7889633178710938,2.7889633178710938,0
1430,492,1,229.87833,229.87833,229.87833,0.0,0.0,0.0,0.0,2.0121673583984374,2.0121673583984374,0
1431,1603,1,229.11105,229.11105,229.11105,0.0,0.0,0.0,0.0,2.0888946533203128,2.0888946533203128,0
1432,329,7,229.60524,229.49602,229.49602,0.17270958,4.242640687119285,0.0,2.189557232457479,2.050398254394531,2.039476013183594,1
1434,380,17,223.90681,215.0372,225.93001,5.5201507,4.47213595499958,0.0,2.108299473536676,3.4962799072265627,2.609318542480469,1
1433,331,1,229.87833,229.87833,229.87833,0.0,0.0,0.0,0.0,2.0121673583984374,2.0121673583984374,0
1434,531,3,228.03136,225.10466,229.11105,2.0930517,2.0,0.0,1.0,2.4895339965820313,2.1968643188476564,0
1436,476,2,224.45673,222.98343,224.45673,1.4732895,1.0,0.0,0.5,2.7016571044921878,2.5543273925781254,0
1435,1459,1,227.54373,227.54373,227.54373,0.0,0.0,0.0,0.0,2.2456268310546874,2.2456268310546874,0
1435,1471,2,229.87833,229.87833,229.87833,0.0,1.0,0.0,0.5,2.0121673583984374,2.0121673583984374,0
1435,1477,8,226.9205,223.84216,226.94382,1.6049926,2.23606797749979,0.0,1.2580618877807475,2.61578369140625,2.3079498291015628,1
1435,1596,1,229.87833,229.87833,229.87833,0.0,0.0,0.0,0.0,2.0121673583984374,2.0121673583984374,0
1445,1612,180,219.23064,207.9454,218.93277,5.8995953,17.804493814764857,0.0,7.952350121842594,4.2054595947265625,3.0769363403320313,1
1441,487,9,223.5361,206.75081,226.33797,6.6320896,5.0990195135927845,0.0,2.7356078640976236,4.324919128417969,2.6463897705078128,1
1439,1211,51,225.62619,221.22238,225.51892,2.228074,8.06225774829855,0.0,3.4228880262450456,2.8777618408203125,2.4373809814453127,1
1462,1440,1826,210.25179,184.95135,209.68028,10.377686,60.67124524847005,0.0,26.901125899748145,6.504864501953126,3.974821472167969,1
1440,509,121,220.42937,202.29556,222.11037,6.699743,13.416407864998739,0.0,6.806127518339341,4.770443725585937,2.9570632934570313,1
1439,1266,5,226.03952,223.41455,225.51892,2.40786,2.0,0.0,1.2,2.6585449218750004,2.3960479736328124,1
1439,1289,1,206.75081,206.75081,206.75081,0.0,0.0,0.0,0.0,4.324919128417969,4.324919128417969,0
1439,1593,3,225.13441,222.11037,223.41455,3.3964438,2.0,0.0,1.0,2.7889633178710938,2.486558532714844,0
1440,1197,1,228.33298,228.33298,228.33298,0.0,0.0,0.0,0.0,2.1667022705078125,2.1667022705078125,0
1441,1261,5,226.94223,224.68715,225.93001,2.1359355,2.0,0.0,1.2,2.531285095214844,2.3057769775390624,1
1443,1617,3,225.58138,221.66829,226.74287,2.8421023,2.0,0.0,1.0,2.833171081542969,2.441862487792969,0
1442,413,1,224.68715,224.68715,224.68715,0.0,0.0,0.0,0.0,2.531285095214844,2.531285095214844,0
1448,489,47,219.2283,207.35207,218.46219,5.019998,8.06225774829855,0.0,4.430297319081627,4.264793395996094,3.077169799804688,1
1444,242,6,228.11266,225.51892,228.51987,1.626469,2.23606797749979,0.0,1.1083802566454808,2.44810791015625,2.188734436035156,1
1444,520,4,224.01434,220.7726,224.47342,2.0692132,2.23606797749979,0.0,1.3090169943749475,2.922740173339844,2.598565673828125,0
1446,404,1,229.87833,229.87833,229.87833,0.0,0.0,0.0,0.0,2.0121673583984374,2.0121673583984374,0
1451,1194,19,227.11336,223.41455,227.54373,1.8493774,5.0,0.0,2.5651893853154215,2.6585449218750004,2.2886642456054687,1
1449,154,1,229.87833,229.87833,229.87833,0.0,0.0,0.0,0.0,2.0121673583984374,2.0121673583984374,0
1449,161,3,228.97823,228.33298,228.72339,0.656117,1.0,0.0,0.6666666666666666,2.1667022705078125,2.102177429199219,0
1454,353,20,225.0269,216.53424,225.72446,3.5891056,5.830951894845301,0.0,2.561767666848829,3.346575927734375,2.4973098754882814,1
1451,852,1,228.33298,228.33298,228.33298,0.0,0.0,0.0,0.0,2.1667022705078125,2.1667022705078125,0
1453,1502,1,228.72339,228.72339,228.72339,0.0,0.0,0.0,0.0,2.1276611328125,2.1276611328125,0
1454,200,2,219.65176,215.0372,219.65176,4.6145706,1.0,0.0,0.5,3.4962799072265627,3.0348236083984377,0
1459,1155,2,227.50748,225.51892,227.50748,1.9885483,1.0,0.0,0.5,2.44810791015625,2.2492523193359375,0
1463,1114,14,224.01282,211.35217,225.51733,5.2411885,4.47213595499958,0.0,2.291274797026319,3.8647827148437504,2.59871826171875,1
1463,515,1,226.74287,226.74287,226.74287,0.0,0.0,0.0,0.0,2.3257125854492187,2.3257125854492187,0
1466,1580,1,224.26634,224.26634,224.26634,0.0,0.0,0.0,0.0,2.5733657836914063,2.5733657836914063,0
1468,1585,4,228.4278,227.54373,228.52818,0.5798224,2.0,0.0,1.0,2.2456268310546874,2.157220458984375,0
1468,1581,6,225.04869,221.66829,224.88608,2.4434206,2.8284271247461903,0.0,1.5107491837076632,2.833171081542969,2.4951309204101566,1
1470,1235,18,220.59729,208.53105,221.88556,6.450187,7.0,0.0,3.8315792996705644,4.146894836425782,2.94027099609375,1
1478,1496,247,216.82085,185.98618,216.0403,7.840117,15.524174696260024,0.0,8.42454350873204,6.4013824462890625,3.3179153442382816,1
1471,1100,1,229.87833,229.87833,229.87833,0.0,0.0,0.0,0.0,2.0121673583984374,2.0121673583984374,0
1472,1451,4,225.26663,219.86101,226.04724,3.9997795,1.4142135623730951,0.0,0.8535533905932737,3.0138992309570316,2.4733367919921876,0
1487,1079,224,222.93188,206.75081,224.26634,5.2527905,27.784887978899608,0.0,11.60288628133909,4.324919128417969,2.7068115234375,1
1473,1394,1,228.72339,228.72339,228.72339,0.0,0.0,0.0,0.0,2.1276611328125,2.1276611328125,0
1479,480,1,229.11105,229.11105,229.11105,0.0,0.0,0.0,0.0,2.0888946533203128,2.0888946533203128,0
1482,1432,30,211.32408,180.08902,214.51695,14.09567,7.615773105863909,0.0,3.5817671776586963,6.991098022460938,3.8675918579101562,1
1480,1460,4,224.54636,218.93277,224.68715,3.8723993,2.0,0.0,1.0,3.1067230224609377,2.5453643798828125,0
1490,489,49,226.41399,219.86101,226.33797,2.4759293,12.806248474865697,0.0,6.001612453499911,3.0138992309570316,2.3586013793945315,1
1489,1061,1,229.11105,229.11105,229.11105,0.0,0.0,0.0,0.0,2.0888946533203128,2.0888946533203128,0
1489,1454,4,225.38806,222.98343,225.51256,1.7192128,1.4142135623730951,0.0,0.8535533905932737,2.7016571044921878,2.4611938476562503,0
1491,1057,3,226.9862,225.10466,226.74287,1.6446279,1.0,0.0,0.6666666666666666,2.4895339965820313,2.30137939453125,0
1494,1488,1,227.14478,227.14478,227.14478,0.0,0.0,0.0,0.0,2.2855224609375,2.2855224609375,0
1496,493,1,229.11105,229.11105,229.11105,0.0,0.0,0.0,0.0,2.0888946533203128,2.0888946533203128,0
1496,1457,5,226.73624,225.51892,227.14478,0.84886545,2.23606797749979,0.0,1.3300563079745769,2.44810791015625,2.3263763427734374,1
1502,1481,21,225.75124,217.98715,226.74287,3.3040104,5.0,0.0,2.1630549991564028,3.201284790039063,2.424876403808594,1
1498,1491,3,229.10747,228.33298,229.11105,0.6308913,2.0,0.0,1.0,2.1667022705078125,2.0892532348632815,0
1501,489,2,229.30086,228.72339,229.30086,0.5774689,1.0,0.0,0.5,2.1276611328125,2.0699142456054687,0
1504,495,1,229.11105,229.11105,229.11105,0.0,0.0,0.0,0.0,2.0888946533203128,2.0888946533203128,0
1515,1585,171,216.41196,202.29556,215.54132,7.534312,18.439088914585774,0.0,8.706460036739,4.770443725585937,3.3588043212890626,1
1505,494,1,229.49602,229.49602,229.49602,0.0,0.0,0.0,0.0,2.050398254394531,2.050398254394531,0
1506,1495,1,227.14478,227.14478,227.14478,0.0,0.0,0.0,0.0,2.2855224609375,2.2855224609375,0
1513,1551,1018,211.18526,180.08902,211.89642,11.628165,38.58756276314948,0.0,17.83512566417591,6.991098022460938,3.881474304199219,1
1510,1488,1,228.33298,228.33298,228.33298,0.0,0.0,0.0,0.0,2.1667022705078125,2.1667022705078125,0
1513,1472,4,226.281,222.54872,226.92595,2.4842777,1.4142135623730951,0.0,0.8535533905932737,2.745127868652344,2.3718994140625003,0
1515,1485,3,229.62256,229.11105,229.87833,0.36169595,1.0,0.0,0.6666666666666666,2.0888946533203128,2.037744140625,0
1517,1480,6,228.19063,226.33797,228.13638,1.127647,1.4142135623730951,0.0,0.9714045207910317,2.3662033081054688,2.1809371948242187,1
1521,1475,1,229.87833,229.87833,229.87833,0.0,0.0,0.0,0.0,2.0121673583984374,2.0121673583984374,0
1525,104,6,224.20302,214.5278,224.8959,4.695347,2.23606797749979,0.0,1.17741585037433,3.5472198486328126,2.579698181152344,1
1525,1477,1,226.33797,226.33797,226.33797,0.0,0.0,0.0,0.0,2.3662033081054688,2.3662033081054688,0
1530,1513,6,226.05113,220.31883,226.74136,3.0058947,2.23606797749979,0.0,1.1083802566454808,2.9681167602539062,2.3948867797851565,1
1529,1481,1,228.33298,228.33298,228.33298,0.0,0.0,0.0,0.0,2.1667022705078125,2.1667022705078125,0
1537,104,215,216.89981,205.5234,216.53424,5.790472,17.69180601295413,0.0,7.610202364436189,4.447659301757812,3.310018920898438,1
1532,1511,2,226.12473,225.10466,226.12473,1.0200577,1.0,0.0,0.5,2.4895339965820313,2.3875274658203125,0
1534,138,5,223.96127,220.31883,223.84216,2.3212657,2.23606797749979,0.0,1.247213595499958,2.9681167602539062,2.603872680664063,1
1540,140,54,209.99513,196.55605,206.14136,8.936516,7.211102550927978,0.0,3.805035595634445,5.3443954467773445,4.000486755371094,1
1540,1613,1,228.33298,228.33298,228.33298,0.0,0.0,0.0,0.0,2.1667022705078125,2.1667022705078125,0
1546,1609,49,220.3478,206.75081,220.7726,6.096779,6.324555320336759,0.0,3.2140251194763643,4.324919128417969,2.965220642089844,1
1544,132,28,219.48198,209.10927,218.22015,5.3312488,5.0990195135927845,0.0,2.4396340639137635,4.089073181152344,3.0518020629882816,1
1542,150,16,222.48863,212.43446,222.98343,4.223745,5.0,0.0,2.4294581032073657,3.7565536499023438,2.7511367797851562,1
1546,1533,5,226.94695,223.41455,226.74287,2.0199115,2.8284271247461903,0.0,1.612899020449196,2.6585449218750004,2.3053054809570312,1
1546,1527,1,229.87833,229.87833,229.87833,0.0,0.0,0.0,0.0,2.0121673583984374,2.0121673583984374,0
1561,1588,66,225.00598,217.98715,225.10466,2.5527651,11.180339887498949,0.0,5.640104250153482,3.201284790039063,2.4994018554687503,1
1557,22,3,225.48048,223.84216,224.26634,2.0244303,1.0,0.0,0.6666666666666666,2.61578369140625,2.451951599121094,0
1557,262,2,226.13399,225.93001,226.13399,0.20397949,1.0,0.0,0.5,2.406999206542969,2.386601257324219,0
1558,1275,1,229.87833,229.87833,229.87833,0.0,0.0,0.0,0.0,2.0121673583984374,2.0121673583984374,0
1559,1283,3,225.61774,222.98343,225.93001,2.0354316,1.4142135623730951,0.0,0.8047378541243649,2.7016571044921878,2.438226318359375,0
1562,251,10,228.39041,225.10466,229.10971,1.5191787,2.8284271247461903,0.0,1.412899020449196,2.4895339965820313,2.1609588623046876,1
1560,1278,6,226.2076,222.11037,226.13089,2.6000106,2.0,0.0,1.0690355937288492,2.7889633178710938,2.3792404174804687,1
1562,276,1,229.87833,229.87833,229.87833,0.0,0.0,0.0,0.0,2.0121673583984374,2.0121673583984374,0
1564,1439,13,223.26839,214.01297,223.84216,4.3693094,2.8284271247461903,0.0,1.4582628714798578,3.5987030029296876,2.673161315917969,1
1565,272,45,225.02985,214.01297,225.51892,3.478489,13.601470508735444,0.0,7.135604647219282,3.5987030029296876,2.4970153808593754,1
1565,287,9,227.341,220.7726,228.33298,2.7781882,3.1622776601683795,0.0,1.7641171446985826,2.922740173339844,2.265899658203125,1
1566,1592,4,229.10284,227.54373,229.49469,0.95310605,2.0,0.0,1.0,2.2456268310546874,2.089715576171875,0
1566,510,2,229.68716,229.49602,229.68716,0.19115448,1.0,0.0,0.5,2.050398254394531,2.0312835693359377,0
1567,677,1,225.51892,225.51892,225.51892,0.0,0.0,0.0,0.0,2.44810791015625,2.44810791015625,0
1568,1422,21,222.48141,215.54132,222.11037,4.2267694,5.656854249492381,0.0,2.6669626539222873,3.4458679199218754,2.7518585205078128,1
1580,1407,85,220.91487,210.2443,221.22238,5.116685,12.806248474865697,0.0,6.885210693433144,3.9755706787109375,2.908512878417969,1
1575,263,36,227.18903,222.11037,227.54373,1.9159794,10.44030650891055,0.0,5.38010207198088,2.7889633178710938,2.281097412109375,1
1571,294,2,224.68715,224.68715,224.68715,0.0,1.0,0.0,0.5,2.531285095214844,2.531285095214844,0
1574,1588,1,229.87833,229.87833,229.87833,0.0,0.0,0.0,0.0,2.0121673583984374,2.0121673583984374,0
1577,1249,19,224.93428,221.22238,224.26634,2.0336134,3.0,0.0,1.7812508866637273,2.8777618408203125,2.506571960449219,1
1586,1403,49,219.28433,208.53105,220.7726,6.126632,10.44030650891055,0.0,4.602393051924744,4.146894836425782,3.0715667724609377,1
1584,1184,34,227.25017,222.98343,227.74176,1.975675,6.708203932499369,0.0,3.5489409657920246,2.7016571044921878,2.2749832153320315,1
1615,245,2311,195.86037,180.08902,180.08902,19.719742,1372.0,0.0,816.7279521773339,6.991098022460938,5.413963317871094,1
1582,1404,1,229.49602,229.49602,229.49602,0.0,0.0,0.0,0.0,2.050398254394531,2.050398254394531,0
1596,1388,87,219.37909,206.75081,219.39902,4.972895,12.36931687685298,0.0,5.975546073776524,4.324919128417969,3.062091064453125,1
1586,1178,1,228.33298,228.33298,228.33298,0.0,0.0,0.0,0.0,2.1667022705078125,2.1667022705078125,0
1588,1171,2,228.12791,227.14478,228.12791,0.98313904,1.0,0.0,0.5,2.2855224609375,2.187208557128906,0
1590,1178,1,224.68715,224.68715,224.68715,0.0,0.0,0.0,0.0,2.531285095214844,2.531285095214844,0
1594,1176,2,224.02019,222.11037,224.02019,1.9098206,1.0,0.0,0.5,2.7889633178710938,2.5979812622070315,0
1598,1238,5,228.01729,227.54373,227.93977,0.38493097,1.4142135623730951,0.0,0.9656854249492379,2.2456268310546874,2.1982711791992187,1
1604,1300,48,222.3658,205.5234,224.26634,5.765044,9.848857801796104,0.0,4.311375747849297,4.447659301757812,2.7634201049804688,1
1602,1178,3,228.84526,227.54373,229.49602,0.92031634,1.0,0.0,0.6666666666666666,2.2456268310546874,2.1154739379882814,0
1604,1169,3,226.43042,223.41455,227.54373,2.1567454,1.0,0.0,0.6666666666666666,2.6585449218750004,2.3569580078125,0
1604,1177,1,229.49602,229.49602,229.49602,0.0,0.0,0.0,0.0,2.050398254394531,2.050398254394531,0
1610,1364,27,225.78166,215.0372,227.54373,3.5856028,9.219544457292887,0.0,3.921187758428988,3.4962799072265627,2.4218338012695315,1
1606,1417,2,219.10126,216.53424,219.10126,2.5670242,1.0,0.0,0.5,3.346575927734375,3.089874267578125,0
1608,1170,1,225.93001,225.93001,225.93001,0.0,0.0,0.0,0.0,2.406999206542969,2.406999206542969,0
1608,1356,2,228.72202,228.33298,228.72202,0.3890381,1.0,0.0,0.5,2.1667022705078125,2.1277984619140624,0
1610,1449,5,227.40317,222.54872,228.33298,2.5899901,2.0,0.0,1.0,2.745127868652344,2.2596832275390626,1
1610,237,2,227.53793,226.74287,227.53793,0.7950516,1.0,0.0,0.5,2.3257125854492187,2.2462066650390624,0
1610,1357,2,227.33548,226.33797,227.33548,0.9975052,1.0,0.0,0.5,2.3662033081054688,2.2664520263671877,0
1610,1359,1,229.87833,229.87833,229.87833,0.0,0.0,0.0,0.0,2.0121673583984374,2.0121673583984374,0
1613,249,2,225.46161,222.98343,225.46161,2.4781723,1.0,0.0,0.5,2.7016571044921878,2.4538391113281253,0
1612,1452,2,227.30034,225.10466,227.30034,2.1956787,1.0,0.0,0.5,2.4895339965820313,2.2699661254882812,0
